-- HOSPITAL-DOCTOR-DETAILS
INSERT INTO hospital_doctors_details (username, specialization, created_by, creation_date) VALUES ("ADRIANA_HERNANDEZ", "Cardiologia", "adminhospital", "2021-11-01");
INSERT INTO hospital_doctors_details (username, specialization, created_by, creation_date) VALUES ("ADRIANA_SANCHEZ", "Pediatria", "adminhospital", "2021-11-02");
INSERT INTO hospital_doctors_details (username, specialization, created_by, creation_date) VALUES ("ALEJANDRO_ABONDANO", "Ginecologia", "adminhospital", "2021-11-03");
INSERT INTO hospital_doctors_details (username, specialization, created_by, creation_date) VALUES ("ALEXANDER_CARVAJAL", "Oculista", "adminhospital", "2021-11-04");
INSERT INTO hospital_doctors_details (username, specialization, created_by, creation_date) VALUES ("ANDRES_VILLA", "Pediatria", "adminhospital", "2021-11-05");
INSERT INTO hospital_doctors_details (username, specialization, created_by, creation_date) VALUES ("CAMILO_VILLAMIZAR", "Ginecologia", "adminhospital", "2021-11-06");
INSERT INTO hospital_doctors_details (username, specialization, created_by, creation_date) VALUES ("ALEJANDRO_FORERO", "Cardiologia", "adminhospital", "2021-11-07");
INSERT INTO hospital_doctors_details (username, specialization, created_by, creation_date) VALUES ("GABRIEL_BUSTOS", "Oculista", "adminhospital", "2021-11-08");
INSERT INTO hospital_doctors_details (username, specialization, created_by, creation_date) VALUES ("ESTEBAN_BOTERO", "Ginecologia", "adminhospital", "2021-11-09");
INSERT INTO hospital_doctors_details (username, specialization, created_by, creation_date) VALUES ("MARIO_OROZCO", "Cardiologia", "adminhospital", "2021-11-10");
INSERT INTO hospital_doctors_details (username, specialization, created_by, creation_date) VALUES ("GUILLERMO_ZUBIETA", "Oculista", "adminhospital", "2021-11-11");
INSERT INTO hospital_doctors_details (username, specialization, created_by, creation_date) VALUES ("RICARDO_ZAMBRANO", "Ginecologia", "adminhospital", "2021-11-12");
INSERT INTO hospital_doctors_details (username, specialization, created_by, creation_date) VALUES ("JOSE_GARCIA", "Cardiologia", "adminhospital", "2021-11-13");
INSERT INTO hospital_doctors_details (username, specialization, created_by, creation_date) VALUES ("LEONARDO_DUENAS", "Oculista", "adminhospital", "2021-11-14");
INSERT INTO hospital_doctors_details (username, specialization, created_by, creation_date) VALUES ("YIRIAM_OCHOA", "Ginecologia", "adminhospital", "2021-11-15");
INSERT INTO hospital_doctors_details (username, specialization, created_by, creation_date) VALUES ("YURANY_MENDEZ", "Cardiologia", "adminhospital", "2021-11-16");
INSERT INTO hospital_doctors_details (username, specialization, created_by, creation_date) VALUES ("NATALIA_CONTRERAS", "Ginecologia", "adminhospital", "2021-11-17");
INSERT INTO hospital_doctors_details (username, specialization, created_by, creation_date) VALUES ("ANDREA_VELASCO", "Oculista", "adminhospital", "2021-11-18");
INSERT INTO hospital_doctors_details (username, specialization, created_by, creation_date) VALUES ("MARIANA_SANTOS", "Cardiologia", "adminhospital", "2021-11-19");
INSERT INTO hospital_doctors_details (username, specialization, created_by, creation_date) VALUES ("MARIA_MORENO", "Oculista", "adminhospital", "2021-11-20");
INSERT INTO hospital_doctors_details (username, specialization, created_by, creation_date) VALUES ("MARCELA_RUEDA", "Ginecologia", "adminhospital", "2021-11-21");
INSERT INTO hospital_doctors_details (username, specialization, created_by, creation_date) VALUES ("LISETH_VILLAMIL", "Cardiologia", "adminhospital", "2021-11-22");
INSERT INTO hospital_doctors_details (username, specialization, created_by, creation_date) VALUES ("TATIANA_SIERRA", "Ginecologia", "adminhospital", "2021-11-23");
INSERT INTO hospital_doctors_details (username, specialization, created_by, creation_date) VALUES ("LAURA_AYERBE", "Ginecologia", "adminhospital", "2021-11-24");
INSERT INTO hospital_doctors_details (username, specialization, created_by, creation_date) VALUES ("LINA_RAMIREZ", "Oculista", "adminhospital", "2021-11-25");
INSERT INTO hospital_doctors_details (username, specialization, created_by, creation_date) VALUES ("ABRAHAM_ALANDIA", "Ginecologia", "adminhospital", "2021-11-26");
INSERT INTO hospital_doctors_details (username, specialization, created_by, creation_date) VALUES ("HUGO_ROJAS", "Pediatria", "adminhospital", "2021-11-27");
INSERT INTO hospital_doctors_details (username, specialization, created_by, creation_date) VALUES ("REYNALDO_SEGALES", "Oculista", "adminhospital", "2021-11-28");
INSERT INTO hospital_doctors_details (username, specialization, created_by, creation_date) VALUES ("EDDY_RIVERO", "Pediatria", "adminhospital", "2021-11-29");
INSERT INTO hospital_doctors_details (username, specialization, created_by, creation_date) VALUES ("ALFONSO_VILLAVICENCIO", "Ginecologia", "adminhospital", "2021-11-30");
INSERT INTO hospital_doctors_details (username, specialization, created_by, creation_date) VALUES ("PEDRO_MONTOYA", "Pediatria", "adminhospital", "2021-12-01");
INSERT INTO hospital_doctors_details (username, specialization, created_by, creation_date) VALUES ("ROBERTO_BLADES", "Oculista", "adminhospital", "2021-12-01");
INSERT INTO hospital_doctors_details (username, specialization, created_by, creation_date) VALUES ("LUIS_VERA", "Pediatria", "adminhospital", "2021-12-02");
INSERT INTO hospital_doctors_details (username, specialization, created_by, creation_date) VALUES ("MARCELO_ESTRADA", "Oculista", "adminhospital", "2021-12-03");
INSERT INTO hospital_doctors_details (username, specialization, created_by, creation_date) VALUES ("FERNANDO_ARAMBURO", "Ginecologia", "adminhospital", "2021-12-04");
INSERT INTO hospital_doctors_details (username, specialization, created_by, creation_date) VALUES ("ALBERTO_LOPEZ", "Oculista", "adminhospital", "2021-12-05");
INSERT INTO hospital_doctors_details (username, specialization, created_by, creation_date) VALUES ("LOURDES_ZEGALES", "Pediatria", "adminhospital", "2021-12-06");
INSERT INTO hospital_doctors_details (username, specialization, created_by, creation_date) VALUES ("CAROL_VARGAS", "Ginecologia", "adminhospital", "2021-12-07");
INSERT INTO hospital_doctors_details (username, specialization, created_by, creation_date) VALUES ("JUDITH_LOAYZA", "Oculista", "adminhospital", "2021-12-08");
INSERT INTO hospital_doctors_details (username, specialization, created_by, creation_date) VALUES ("ALICIA_CHAMBI", "Pediatria", "adminhospital", "2021-12-09");
INSERT INTO hospital_doctors_details (username, specialization, created_by, creation_date) VALUES ("ALEJANDRO_AGUILAR", "Ginecologia", "adminhospital", "2021-12-10");
INSERT INTO hospital_doctors_details (username, specialization, created_by, creation_date) VALUES ("LUIS_ROSSEL", "Oculista", "adminhospital", "2021-12-11");
INSERT INTO hospital_doctors_details (username, specialization, created_by, creation_date) VALUES ("GUSTAVO_APARICIO", "Pediatria", "adminhospital", "2021-12-12");
INSERT INTO hospital_doctors_details (username, specialization, created_by, creation_date) VALUES ("ADOLFO_ERGUETA", "Pediatria", "adminhospital", "2021-12-13");
INSERT INTO hospital_doctors_details (username, specialization, created_by, creation_date) VALUES ("FERNANDO_DEHEZA", "Ginecologia", "adminhospital", "2021-12-14");
INSERT INTO hospital_doctors_details (username, specialization, created_by, creation_date) VALUES ("RAMIRO_PINAYA", "Pediatria", "adminhospital", "2021-12-15");
INSERT INTO hospital_doctors_details (username, specialization, created_by, creation_date) VALUES ("MARCOS_CASTELLON", "Cardiologia", "adminhospital", "2021-12-16");
INSERT INTO hospital_doctors_details (username, specialization, created_by, creation_date) VALUES ("VERONICA_ZEBALLOS", "Oculista", "adminhospital", "2021-12-17");
INSERT INTO hospital_doctors_details (username, specialization, created_by, creation_date) VALUES ("RAQUEL_CLAVIJO", "Cardiologia", "adminhospital", "2021-12-18");
INSERT INTO hospital_doctors_details (username, specialization, created_by, creation_date) VALUES ("PATTY_CANAVIRI", "Pediatria", "adminhospital", "2021-12-19");
INSERT INTO hospital_doctors_details (username, specialization, created_by, creation_date) VALUES ("FRANKLIN_TROCHE", "Oculista", "adminhospital", "2021-12-20");
INSERT INTO hospital_doctors_details (username, specialization, created_by, creation_date) VALUES ("MAURICIO_CLAVIJO", "Cardiologia", "adminhospital", "2021-12-21");
INSERT INTO hospital_doctors_details (username, specialization, created_by, creation_date) VALUES ("MIGUEL_GUTIERREZ", "Pediatria", "adminhospital", "2021-12-22");
INSERT INTO hospital_doctors_details (username, specialization, created_by, creation_date) VALUES ("EDWIN_MONTES", "Oculista", "adminhospital", "2021-12-23");
INSERT INTO hospital_doctors_details (username, specialization, created_by, creation_date) VALUES ("ALFONSO_ORIHUELA", "Cardiologia", "adminhospital", "2021-12-24");
INSERT INTO hospital_doctors_details (username, specialization, created_by, creation_date) VALUES ("MateoRodriguez", "Pediatria", "adminhospital", "2021-12-25");
INSERT INTO hospital_doctors_details (username, specialization, created_by, creation_date) VALUES ("DanielCruz", "Cardiologia", "adminhospital", "2021-12-26");
INSERT INTO hospital_doctors_details (username, specialization, created_by, creation_date) VALUES ("PabloSanchez", "Oculista", "adminhospital", "2021-12-27");
INSERT INTO hospital_doctors_details (username, specialization, created_by, creation_date) VALUES ("ValentinaLaverde", "Cardiologia", "adminhospital", "2021-12-28");
INSERT INTO hospital_doctors_details (username, specialization, created_by, creation_date) VALUES ("RICARDO_VILLAFAN", "Pediatria", "adminhospital", "2021-12-29");

-- HOSPITAL-PATIENTES-DETAILS
INSERT INTO hospital_patients_details (username, sus_code, created_by, creation_date) VALUES ("ADRIANA_HERNANDEZ", "3390827", "adminhospital", "2021-11-01");
INSERT INTO hospital_patients_details (username, sus_code, created_by, creation_date) VALUES ("ADRIANA_SANCHEZ", "1790656", "adminhospital", "2021-11-02");
INSERT INTO hospital_patients_details (username, sus_code, created_by, creation_date) VALUES ("ALEJANDRO_ABONDANO", "8630841", "adminhospital", "2021-11-03");
INSERT INTO hospital_patients_details (username, sus_code, created_by, creation_date) VALUES ("ALEXANDER_CARVAJAL", "7992119", "adminhospital", "2021-11-04");
INSERT INTO hospital_patients_details (username, sus_code, created_by, creation_date) VALUES ("ANDRES_VILLA", "8952074", "adminhospital", "2021-11-05");
INSERT INTO hospital_patients_details (username, sus_code, created_by, creation_date) VALUES ("CAMILO_VILLAMIZAR", "7171467", "adminhospital", "2021-11-06");
INSERT INTO hospital_patients_details (username, sus_code, created_by, creation_date) VALUES ("ALEJANDRO_FORERO", "8976966", "adminhospital", "2021-11-07");
INSERT INTO hospital_patients_details (username, sus_code, created_by, creation_date) VALUES ("GABRIEL_BUSTOS", "9193945", "adminhospital", "2021-11-08");
INSERT INTO hospital_patients_details (username, sus_code, created_by, creation_date) VALUES ("ESTEBAN_BOTERO", "6119078", "adminhospital", "2021-11-09");
INSERT INTO hospital_patients_details (username, sus_code, created_by, creation_date) VALUES ("MARIO_OROZCO", "5526176", "adminhospital", "2021-11-10");
INSERT INTO hospital_patients_details (username, sus_code, created_by, creation_date) VALUES ("GUILLERMO_ZUBIETA", "8559588", "adminhospital", "2021-11-11");
INSERT INTO hospital_patients_details (username, sus_code, created_by, creation_date) VALUES ("RICARDO_ZAMBRANO", "9265527", "adminhospital", "2021-11-12");
INSERT INTO hospital_patients_details (username, sus_code, created_by, creation_date) VALUES ("JOSE_GARCIA", "3848683", "adminhospital", "2021-11-13");
INSERT INTO hospital_patients_details (username, sus_code, created_by, creation_date) VALUES ("LEONARDO_DUENAS", "2105023", "adminhospital", "2021-11-14");
INSERT INTO hospital_patients_details (username, sus_code, created_by, creation_date) VALUES ("YIRIAM_OCHOA", "1119730", "adminhospital", "2021-11-15");
INSERT INTO hospital_patients_details (username, sus_code, created_by, creation_date) VALUES ("YURANY_MENDEZ", "2519585", "adminhospital", "2021-11-16");
INSERT INTO hospital_patients_details (username, sus_code, created_by, creation_date) VALUES ("NATALIA_CONTRERAS", "3035904", "adminhospital", "2021-11-17");
INSERT INTO hospital_patients_details (username, sus_code, created_by, creation_date) VALUES ("ANDREA_VELASCO", "3664558", "adminhospital", "2021-11-18");
INSERT INTO hospital_patients_details (username, sus_code, created_by, creation_date) VALUES ("MARIANA_SANTOS", "8060988", "adminhospital", "2021-11-19");
INSERT INTO hospital_patients_details (username, sus_code, created_by, creation_date) VALUES ("MARIA_MORENO", "3695400", "adminhospital", "2021-11-20");
INSERT INTO hospital_patients_details (username, sus_code, created_by, creation_date) VALUES ("MARCELA_RUEDA", "6149557", "adminhospital", "2021-11-21");
INSERT INTO hospital_patients_details (username, sus_code, created_by, creation_date) VALUES ("LISETH_VILLAMIL", "1818804", "adminhospital", "2021-11-22");
INSERT INTO hospital_patients_details (username, sus_code, created_by, creation_date) VALUES ("TATIANA_SIERRA", "2575825", "adminhospital", "2021-11-23");
INSERT INTO hospital_patients_details (username, sus_code, created_by, creation_date) VALUES ("LAURA_AYERBE", "2813910", "adminhospital", "2021-11-24");
INSERT INTO hospital_patients_details (username, sus_code, created_by, creation_date) VALUES ("LINA_RAMIREZ", "5203268", "adminhospital", "2021-11-25");
INSERT INTO hospital_patients_details (username, sus_code, created_by, creation_date) VALUES ("ABRAHAM_ALANDIA", "1296705", "adminhospital", "2021-11-26");
INSERT INTO hospital_patients_details (username, sus_code, created_by, creation_date) VALUES ("HUGO_ROJAS", "6705735", "adminhospital", "2021-11-27");
INSERT INTO hospital_patients_details (username, sus_code, created_by, creation_date) VALUES ("REYNALDO_SEGALES", "1552512", "adminhospital", "2021-11-28");
INSERT INTO hospital_patients_details (username, sus_code, created_by, creation_date) VALUES ("EDDY_RIVERO", "9235689", "adminhospital", "2021-11-29");
INSERT INTO hospital_patients_details (username, sus_code, created_by, creation_date) VALUES ("ALFONSO_VILLAVICENCIO", "4726829", "adminhospital", "2021-11-30");
INSERT INTO hospital_patients_details (username, sus_code, created_by, creation_date) VALUES ("PEDRO_MONTOYA", "5154533", "adminhospital", "2021-12-01");
INSERT INTO hospital_patients_details (username, sus_code, created_by, creation_date) VALUES ("ROBERTO_BLADES", "5464085", "adminhospital", "2021-12-01");
INSERT INTO hospital_patients_details (username, sus_code, created_by, creation_date) VALUES ("LUIS_VERA", "6027347", "adminhospital", "2021-12-02");
INSERT INTO hospital_patients_details (username, sus_code, created_by, creation_date) VALUES ("MARCELO_ESTRADA", "6786256", "adminhospital", "2021-12-03");
INSERT INTO hospital_patients_details (username, sus_code, created_by, creation_date) VALUES ("FERNANDO_ARAMBURO", "8751865", "adminhospital", "2021-12-04");
INSERT INTO hospital_patients_details (username, sus_code, created_by, creation_date) VALUES ("ALBERTO_LOPEZ", "6382097", "adminhospital", "2021-12-05");
INSERT INTO hospital_patients_details (username, sus_code, created_by, creation_date) VALUES ("LOURDES_ZEGALES", "7527750", "adminhospital", "2021-12-06");
INSERT INTO hospital_patients_details (username, sus_code, created_by, creation_date) VALUES ("CAROL_VARGAS", "1646638", "adminhospital", "2021-12-07");
INSERT INTO hospital_patients_details (username, sus_code, created_by, creation_date) VALUES ("JUDITH_LOAYZA", "3445853", "adminhospital", "2021-12-08");
INSERT INTO hospital_patients_details (username, sus_code, created_by, creation_date) VALUES ("ALICIA_CHAMBI", "3339047", "adminhospital", "2021-12-09");
INSERT INTO hospital_patients_details (username, sus_code, created_by, creation_date) VALUES ("ALEJANDRO_AGUILAR", "4573009", "adminhospital", "2021-12-10");
INSERT INTO hospital_patients_details (username, sus_code, created_by, creation_date) VALUES ("LUIS_ROSSEL", "5208498", "adminhospital", "2021-12-11");
INSERT INTO hospital_patients_details (username, sus_code, created_by, creation_date) VALUES ("GUSTAVO_APARICIO", "8160319", "adminhospital", "2021-12-12");
INSERT INTO hospital_patients_details (username, sus_code, created_by, creation_date) VALUES ("ADOLFO_ERGUETA", "9201192", "adminhospital", "2021-12-13");
INSERT INTO hospital_patients_details (username, sus_code, created_by, creation_date) VALUES ("FERNANDO_DEHEZA", "3085683", "adminhospital", "2021-12-14");
INSERT INTO hospital_patients_details (username, sus_code, created_by, creation_date) VALUES ("RAMIRO_PINAYA", "5786944", "adminhospital", "2021-12-15");
INSERT INTO hospital_patients_details (username, sus_code, created_by, creation_date) VALUES ("MARCOS_CASTELLON", "9686708", "adminhospital", "2021-12-16");
INSERT INTO hospital_patients_details (username, sus_code, created_by, creation_date) VALUES ("VERONICA_ZEBALLOS", "8544316", "adminhospital", "2021-12-17");
INSERT INTO hospital_patients_details (username, sus_code, created_by, creation_date) VALUES ("RAQUEL_CLAVIJO", "6762800", "adminhospital", "2021-12-18");
INSERT INTO hospital_patients_details (username, sus_code, created_by, creation_date) VALUES ("PATTY_CANAVIRI", "3687285", "adminhospital", "2021-12-19");
INSERT INTO hospital_patients_details (username, sus_code, created_by, creation_date) VALUES ("FRANKLIN_TROCHE", "6375190", "adminhospital", "2021-12-20");
INSERT INTO hospital_patients_details (username, sus_code, created_by, creation_date) VALUES ("MAURICIO_CLAVIJO", "8093079", "adminhospital", "2021-12-21");
INSERT INTO hospital_patients_details (username, sus_code, created_by, creation_date) VALUES ("MIGUEL_GUTIERREZ", "2265685", "adminhospital", "2021-12-22");
INSERT INTO hospital_patients_details (username, sus_code, created_by, creation_date) VALUES ("EDWIN_MONTES", "8111789", "adminhospital", "2021-12-23");
INSERT INTO hospital_patients_details (username, sus_code, created_by, creation_date) VALUES ("ALFONSO_ORIHUELA", "6401708 ", "adminhospital", "2021-12-24");
INSERT INTO hospital_patients_details (username, sus_code, created_by, creation_date) VALUES ("MateoRodriguez", "7811484", "adminhospital", "2021-12-25");
INSERT INTO hospital_patients_details (username, sus_code, created_by, creation_date) VALUES ("DanielCruz", "7125223", "adminhospital", "2021-12-26");
INSERT INTO hospital_patients_details (username, sus_code, created_by, creation_date) VALUES ("PabloSanchez", "8724129", "adminhospital", "2021-12-27");
INSERT INTO hospital_patients_details (username, sus_code, created_by, creation_date) VALUES ("ValentinaLaverde", "6207842", "adminhospital", "2021-12-28");
INSERT INTO hospital_patients_details (username, sus_code, created_by, creation_date) VALUES ("RICARDO_VILLAFAN", "3016524", "adminhospital", "2021-12-29");

-- HOSPITAL-PATIENTES-HISTORY-A
INSERT INTO hospital_patients_history_a (presion_arterial, frecuencia_cardiaca, saturacion_oxigeno, altura, weight,temperatura, antecedentes, diagnostico, tratamiento, patient_username, tenant, created_by, creation_date) VALUES ("72","120","90", "150", "68", "36", "Diabetes", "Fiebre", "Antibioticos", "ADRIANA_HERNANDEZ", "EMPRESA_1", "adminhospital", "2021-12-29");
INSERT INTO hospital_patients_history_a (presion_arterial, frecuencia_cardiaca, saturacion_oxigeno, altura, weight,temperatura, antecedentes, diagnostico, tratamiento, patient_username, tenant, created_by, creation_date) VALUES ("71","121","82", "178", "67", "36", "No_Refiere", "Cefalea", "Antibioticos", "ADRIANA_SANCHEZ", "EMPRESA_1", "adminhospital", "2021-12-29");
INSERT INTO hospital_patients_history_a (presion_arterial, frecuencia_cardiaca, saturacion_oxigeno, altura, weight,temperatura, antecedentes, diagnostico, tratamiento, patient_username, tenant, created_by, creation_date) VALUES ("70","125","90", "163", "89", "36", "Gastritis", "Bajopeso", "Antibioticos", "ALEJANDRO_ABONDANO", "EMPRESA_1", "adminhospital", "2021-12-29");
INSERT INTO hospital_patients_history_a (presion_arterial, frecuencia_cardiaca, saturacion_oxigeno, altura, weight,temperatura, antecedentes, diagnostico, tratamiento, patient_username, tenant, created_by, creation_date) VALUES ("65","142","92", "154", "67", "36", "No_Refiere", "Bajopeso", "Antibioticos", "ALEXANDER_CARVAJAL", "EMPRESA_1", "adminhospital", "2021-12-29");
INSERT INTO hospital_patients_history_a (presion_arterial, frecuencia_cardiaca, saturacion_oxigeno, altura, weight,temperatura, antecedentes, diagnostico, tratamiento, patient_username, tenant, created_by, creation_date) VALUES ("68","125","82", "172", "64", "36", "No_Refiere", "Cefalea", "Antibioticos", "ANDRES_VILLA", "EMPRESA_1", "adminhospital", "2021-12-29");
INSERT INTO hospital_patients_history_a (presion_arterial, frecuencia_cardiaca, saturacion_oxigeno, altura, weight,temperatura, antecedentes, diagnostico, tratamiento, patient_username, tenant, created_by, creation_date) VALUES ("70","128","93", "170", "97", "36", "Hipertension", "Bajopeso", "Antibioticos", "CAMILO_VILLAMIZAR", "EMPRESA_1", "adminhospital", "2021-12-29");
INSERT INTO hospital_patients_history_a (presion_arterial, frecuencia_cardiaca, saturacion_oxigeno, altura, weight,temperatura, antecedentes, diagnostico, tratamiento, patient_username, tenant, created_by, creation_date) VALUES ("72","125","92", "163", "67", "36", "No_Refiere", "Cefalea", "Antibioticos", "ALEJANDRO_FORERO", "EMPRESA_1", "adminhospital", "2021-12-29");
INSERT INTO hospital_patients_history_a (presion_arterial, frecuencia_cardiaca, saturacion_oxigeno, altura, weight,temperatura, antecedentes, diagnostico, tratamiento, patient_username, tenant, created_by, creation_date) VALUES ("70","112","95", "170", "63", "36", "Gastritis", "Cefalea", "Antibioticos", "GABRIEL_BUSTOS", "EMPRESA_1", "adminhospital", "2021-12-29");
INSERT INTO hospital_patients_history_a (presion_arterial, frecuencia_cardiaca, saturacion_oxigeno, altura, weight,temperatura, antecedentes, diagnostico, tratamiento, patient_username, tenant, created_by, creation_date) VALUES ("71","125","92", "170", "82", "36", "No_Refiere", "Fiebre", "Antibioticos", "ESTEBAN_BOTERO", "EMPRESA_1", "adminhospital", "2021-12-29");
INSERT INTO hospital_patients_history_a (presion_arterial, frecuencia_cardiaca, saturacion_oxigeno, altura, weight,temperatura, antecedentes, diagnostico, tratamiento, patient_username, tenant, created_by, creation_date) VALUES ("70","135","92", "167", "67", "36", "No_Refiere", "Fiebre", "Antibioticos", "MARIO_OROZCO", "EMPRESA_1", "adminhospital", "2021-12-29");
INSERT INTO hospital_patients_history_a (presion_arterial, frecuencia_cardiaca, saturacion_oxigeno, altura, weight,temperatura, antecedentes, diagnostico, tratamiento, patient_username, tenant, created_by, creation_date) VALUES ("69","125","87", "170", "75", "36", "Diabetes", "Cefalea", "Antibioticos", "GUILLERMO_ZUBIETA", "EMPRESA_1", "adminhospital", "2021-12-29");
INSERT INTO hospital_patients_history_a (presion_arterial, frecuencia_cardiaca, saturacion_oxigeno, altura, weight,temperatura, antecedentes, diagnostico, tratamiento, patient_username, tenant, created_by, creation_date) VALUES ("70","115","92", "170", "67", "36", "No_Refiere", "Bajopeso", "Antibioticos", "RICARDO_ZAMBRANO", "EMPRESA_1", "adminhospital", "2021-12-29");
INSERT INTO hospital_patients_history_a (presion_arterial, frecuencia_cardiaca, saturacion_oxigeno, altura, weight,temperatura, antecedentes, diagnostico, tratamiento, patient_username, tenant, created_by, creation_date) VALUES ("70","120","92", "178", "67", "36", "Gastritis", "Fiebre", "Antibioticos", "JOSE_GARCIA", "EMPRESA_1", "adminhospital", "2021-12-29");
INSERT INTO hospital_patients_history_a (presion_arterial, frecuencia_cardiaca, saturacion_oxigeno, altura, weight,temperatura, antecedentes, diagnostico, tratamiento, patient_username, tenant, created_by, creation_date) VALUES ("72","125","82", "162", "98", "36", "No_Refiere", "Fiebre", "Antibioticos", "LEONARDO_DUENAS", "EMPRESA_1", "adminhospital", "2021-12-29");
INSERT INTO hospital_patients_history_a (presion_arterial, frecuencia_cardiaca, saturacion_oxigeno, altura, weight,temperatura, antecedentes, diagnostico, tratamiento, patient_username, tenant, created_by, creation_date) VALUES ("68","125","92", "170", "67", "36", "Gastritis", "Cefalea", "Antibioticos", "YIRIAM_OCHOA", "EMPRESA_1", "adminhospital", "2021-12-29");
INSERT INTO hospital_patients_history_a (presion_arterial, frecuencia_cardiaca, saturacion_oxigeno, altura, weight,temperatura, antecedentes, diagnostico, tratamiento, patient_username, tenant, created_by, creation_date) VALUES ("70","125","92", "170", "85", "36", "Diabetes", "Fiebre", "Antibioticos", "YURANY_MENDEZ", "EMPRESA_1", "adminhospital", "2021-12-29");
INSERT INTO hospital_patients_history_a (presion_arterial, frecuencia_cardiaca, saturacion_oxigeno, altura, weight,temperatura, antecedentes, diagnostico, tratamiento, patient_username, tenant, created_by, creation_date) VALUES ("69","122","96", "170", "90", "36", "No_Refiere", "Fiebre", "Antibioticos", "NATALIA_CONTRERAS", "EMPRESA_1", "adminhospital", "2021-12-29");
INSERT INTO hospital_patients_history_a (presion_arterial, frecuencia_cardiaca, saturacion_oxigeno, altura, weight,temperatura, antecedentes, diagnostico, tratamiento, patient_username, tenant, created_by, creation_date) VALUES ("70","125","92", "157", "67", "36", "No_Refiere", "Fiebre", "Antibioticos", "ANDREA_VELASCO", "EMPRESA_1", "adminhospital", "2021-12-29");
INSERT INTO hospital_patients_history_a (presion_arterial, frecuencia_cardiaca, saturacion_oxigeno, altura, weight,temperatura, antecedentes, diagnostico, tratamiento, patient_username, tenant, created_by, creation_date) VALUES ("70","125","90", "170", "91", "36", "No_Refiere", "Bajopeso", "Antibioticos", "MARIANA_SANTOS", "EMPRESA_1", "adminhospital", "2021-12-29");
INSERT INTO hospital_patients_history_a (presion_arterial, frecuencia_cardiaca, saturacion_oxigeno, altura, weight,temperatura, antecedentes, diagnostico, tratamiento, patient_username, tenant, created_by, creation_date) VALUES ("72","125","92", "152", "67", "36", "No_Refiere", "Cefalea", "Antibioticos", "MARIA_MORENO", "EMPRESA_1", "adminhospital", "2021-12-29");
INSERT INTO hospital_patients_history_a (presion_arterial, frecuencia_cardiaca, saturacion_oxigeno, altura, weight,temperatura, antecedentes, diagnostico, tratamiento, patient_username, tenant, created_by, creation_date) VALUES ("70","123","92", "170", "82", "36", "No_Refiere", "Fiebre", "Antibioticos", "MARCELA_RUEDA", "EMPRESA_1", "adminhospital", "2021-12-29");
INSERT INTO hospital_patients_history_a (presion_arterial, frecuencia_cardiaca, saturacion_oxigeno, altura, weight,temperatura, antecedentes, diagnostico, tratamiento, patient_username, tenant, created_by, creation_date) VALUES ("70","125","89", "170", "67", "36", "No_Refiere", "Colicos", "Antibioticos", "LISETH_VILLAMIL", "EMPRESA_1", "adminhospital", "2021-12-29");
INSERT INTO hospital_patients_history_a (presion_arterial, frecuencia_cardiaca, saturacion_oxigeno, altura, weight,temperatura, antecedentes, diagnostico, tratamiento, patient_username, tenant, created_by, creation_date) VALUES ("69","125","92", "170", "94", "36", "No_Refiere", "Cefalea", "Antibioticos", "TATIANA_SIERRA", "EMPRESA_1", "adminhospital", "2021-12-29");
INSERT INTO hospital_patients_history_a (presion_arterial, frecuencia_cardiaca, saturacion_oxigeno, altura, weight,temperatura, antecedentes, diagnostico, tratamiento, patient_username, tenant, created_by, creation_date) VALUES ("70","133","92", "150", "90", "36", "Diabetes", "Fiebre", "Antibioticos", "LAURA_AYERBE", "EMPRESA_1", "adminhospital", "2021-12-29");
INSERT INTO hospital_patients_history_a (presion_arterial, frecuencia_cardiaca, saturacion_oxigeno, altura, weight,temperatura, antecedentes, diagnostico, tratamiento, patient_username, tenant, created_by, creation_date) VALUES ("68","125","92", "170", "67", "36", "No_Refiere", "Colicos", "Antibioticos", "LINA_RAMIREZ", "EMPRESA_1", "adminhospital", "2021-12-29");
INSERT INTO hospital_patients_history_a (presion_arterial, frecuencia_cardiaca, saturacion_oxigeno, altura, weight,temperatura, antecedentes, diagnostico, tratamiento, patient_username, tenant, created_by, creation_date) VALUES ("70","125","92", "154", "67", "36", "No_Refiere", "Colicos", "Antibioticos", "ABRAHAM_ALANDIA", "EMPRESA_1", "adminhospital", "2021-12-29");
INSERT INTO hospital_patients_history_a (presion_arterial, frecuencia_cardiaca, saturacion_oxigeno, altura, weight,temperatura, antecedentes, diagnostico, tratamiento, patient_username, tenant, created_by, creation_date) VALUES ("70","140","83", "170", "84", "36", "No_Refiere", "Cefalea", "Antibioticos", "HUGO_ROJAS", "EMPRESA_1", "adminhospital", "2021-12-29");
INSERT INTO hospital_patients_history_a (presion_arterial, frecuencia_cardiaca, saturacion_oxigeno, altura, weight,temperatura, antecedentes, diagnostico, tratamiento, patient_username, tenant, created_by, creation_date) VALUES ("66","125","92", "170", "90", "36", "Gastritis", "Colicos", "Antibioticos", "REYNALDO_SEGALES", "EMPRESA_1", "adminhospital", "2021-12-29");
INSERT INTO hospital_patients_history_a (presion_arterial, frecuencia_cardiaca, saturacion_oxigeno, altura, weight,temperatura, antecedentes, diagnostico, tratamiento, patient_username, tenant, created_by, creation_date) VALUES ("70","125","92", "158", "67", "36", "No_Refiere", "Cefalea", "Antibioticos", "EDDY_RIVERO", "EMPRESA_1", "adminhospital", "2021-12-29");
INSERT INTO hospital_patients_history_a (presion_arterial, frecuencia_cardiaca, saturacion_oxigeno, altura, weight,temperatura, antecedentes, diagnostico, tratamiento, patient_username, tenant, created_by, creation_date) VALUES ("70","125","95", "170", "93", "36", "No_Refiere", "Bajopeso", "Antibioticos", "ALFONSO_VILLAVICENCIO", "EMPRESA_1", "adminhospital", "2021-12-29");
INSERT INTO hospital_patients_history_a (presion_arterial, frecuencia_cardiaca, saturacion_oxigeno, altura, weight,temperatura, antecedentes, diagnostico, tratamiento, patient_username, tenant, created_by, creation_date) VALUES ("71","122","92", "170", "89", "36", "Diabetes", "Colicos", "Antibioticos", "PEDRO_MONTOYA", "EMPRESA_1", "adminhospital", "2021-12-29");
INSERT INTO hospital_patients_history_a (presion_arterial, frecuencia_cardiaca, saturacion_oxigeno, altura, weight,temperatura, antecedentes, diagnostico, tratamiento, patient_username, tenant, created_by, creation_date) VALUES ("70","125","97", "156", "90", "36", "No_Refiere", "Colicos", "Antibioticos", "ROBERTO_BLADES", "EMPRESA_1", "adminhospital", "2021-12-29");
INSERT INTO hospital_patients_history_a (presion_arterial, frecuencia_cardiaca, saturacion_oxigeno, altura, weight,temperatura, antecedentes, diagnostico, tratamiento, patient_username, tenant, created_by, creation_date) VALUES ("70","123","92", "170", "67", "36", "No_Refiere", "Cefalea", "Antibioticos", "LUIS_VERA", "EMPRESA_1", "adminhospital", "2021-12-29");
INSERT INTO hospital_patients_history_a (presion_arterial, frecuencia_cardiaca, saturacion_oxigeno, altura, weight,temperatura, antecedentes, diagnostico, tratamiento, patient_username, tenant, created_by, creation_date) VALUES ("72","125","99", "170", "67", "36", "No_Refiere", "Bajopeso", "Antibioticos", "MARCELO_ESTRADA", "EMPRESA_1", "adminhospital", "2021-12-29");
INSERT INTO hospital_patients_history_a (presion_arterial, frecuencia_cardiaca, saturacion_oxigeno, altura, weight,temperatura, antecedentes, diagnostico, tratamiento, patient_username, tenant, created_by, creation_date) VALUES ("70","125","92", "163", "87", "36", "No_Refiere", "Cefalea", "Antibioticos", "FERNANDO_ARAMBURO", "EMPRESA_1", "adminhospital", "2021-12-29");
INSERT INTO hospital_patients_history_a (presion_arterial, frecuencia_cardiaca, saturacion_oxigeno, altura, weight,temperatura, antecedentes, diagnostico, tratamiento, patient_username, tenant, created_by, creation_date) VALUES ("70","121","87", "170", "67", "36", "No_Refiere", "Colicos", "Antibioticos", "ALBERTO_LOPEZ", "EMPRESA_1", "adminhospital", "2021-12-29");
INSERT INTO hospital_patients_history_a (presion_arterial, frecuencia_cardiaca, saturacion_oxigeno, altura, weight,temperatura, antecedentes, diagnostico, tratamiento, patient_username, tenant, created_by, creation_date) VALUES ("71","125","92", "170", "67", "36", "Diabetes", "Bajopeso", "Antibioticos", "LOURDES_ZEGALES", "EMPRESA_1", "adminhospital", "2021-12-29");
INSERT INTO hospital_patients_history_a (presion_arterial, frecuencia_cardiaca, saturacion_oxigeno, altura, weight,temperatura, antecedentes, diagnostico, tratamiento, patient_username, tenant, created_by, creation_date) VALUES ("68","125","92", "170", "90", "36", "No_Refiere", "Cefalea", "Antibioticos", "CAROL_VARGAS", "EMPRESA_1", "adminhospital", "2021-12-29");
INSERT INTO hospital_patients_history_a (presion_arterial, frecuencia_cardiaca, saturacion_oxigeno, altura, weight,temperatura, antecedentes, diagnostico, tratamiento, patient_username, tenant, created_by, creation_date) VALUES ("70","125","83", "151", "67", "36", "Hipertension", "Bajopeso", "Antibioticos", "JUDITH_LOAYZA", "EMPRESA_1", "adminhospital", "2021-12-29");
INSERT INTO hospital_patients_history_a (presion_arterial, frecuencia_cardiaca, saturacion_oxigeno, altura, weight,temperatura, antecedentes, diagnostico, tratamiento, patient_username, tenant, created_by, creation_date) VALUES ("70","120","92", "170", "83", "36", "No_Refiere", "Colicos", "Antibioticos", "ALICIA_CHAMBI", "EMPRESA_1", "adminhospital", "2021-12-29");
INSERT INTO hospital_patients_history_a (presion_arterial, frecuencia_cardiaca, saturacion_oxigeno, altura, weight,temperatura, antecedentes, diagnostico, tratamiento, patient_username, tenant, created_by, creation_date) VALUES ("69","125","92", "152", "67", "36", "Gastritis", "Tos", "Antibioticos", "ALEJANDRO_AGUILAR", "EMPRESA_1", "adminhospital", "2021-12-29");
INSERT INTO hospital_patients_history_a (presion_arterial, frecuencia_cardiaca, saturacion_oxigeno, altura, weight,temperatura, antecedentes, diagnostico, tratamiento, patient_username, tenant, created_by, creation_date) VALUES ("70","124","81", "170", "92", "36", "No_Refiere", "Tos", "Antibioticos", "LUIS_ROSSEL", "EMPRESA_1", "adminhospital", "2021-12-29");
INSERT INTO hospital_patients_history_a (presion_arterial, frecuencia_cardiaca, saturacion_oxigeno, altura, weight,temperatura, antecedentes, diagnostico, tratamiento, patient_username, tenant, created_by, creation_date) VALUES ("80","125","92", "170", "67", "36", "No_Refiere", "Cefalea", "Antibioticos", "GUSTAVO_APARICIO", "EMPRESA_1", "adminhospital", "2021-12-29");
INSERT INTO hospital_patients_history_a (presion_arterial, frecuencia_cardiaca, saturacion_oxigeno, altura, weight,temperatura, antecedentes, diagnostico, tratamiento, patient_username, tenant, created_by, creation_date) VALUES ("70","133","92", "163", "76", "36", "No_Refiere", "Fiebre", "Antibioticos", "ADOLFO_ERGUETA", "EMPRESA_1", "adminhospital", "2021-12-29");
INSERT INTO hospital_patients_history_a (presion_arterial, frecuencia_cardiaca, saturacion_oxigeno, altura, weight,temperatura, antecedentes, diagnostico, tratamiento, patient_username, tenant, created_by, creation_date) VALUES ("69","121","85", "170", "67", "36", "Hipertension", "Fiebre", "Antibioticos", "FERNANDO_DEHEZA", "EMPRESA_1", "adminhospital", "2021-12-29");
INSERT INTO hospital_patients_history_a (presion_arterial, frecuencia_cardiaca, saturacion_oxigeno, altura, weight,temperatura, antecedentes, diagnostico, tratamiento, patient_username, tenant, created_by, creation_date) VALUES ("70","125","92", "170", "58", "36", "Hipertension", "Tos", "Antibioticos", "RAMIRO_PINAYA", "EMPRESA_1", "adminhospital", "2021-12-29");
INSERT INTO hospital_patients_history_a (presion_arterial, frecuencia_cardiaca, saturacion_oxigeno, altura, weight,temperatura, antecedentes, diagnostico, tratamiento, patient_username, tenant, created_by, creation_date) VALUES ("71","122","99", "165", "67", "36", "No_Refiere", "Bajopeso", "Antibioticos", "MARCOS_CASTELLON", "EMPRESA_1", "adminhospital", "2021-12-29");
INSERT INTO hospital_patients_history_a (presion_arterial, frecuencia_cardiaca, saturacion_oxigeno, altura, weight,temperatura, antecedentes, diagnostico, tratamiento, patient_username, tenant, created_by, creation_date) VALUES ("70","143","92", "170", "67", "36", "Gastritis", "Fiebre", "Antibioticos", "VERONICA_ZEBALLOS", "EMPRESA_1", "adminhospital", "2021-12-29");
INSERT INTO hospital_patients_history_a (presion_arterial, frecuencia_cardiaca, saturacion_oxigeno, altura, weight,temperatura, antecedentes, diagnostico, tratamiento, patient_username, tenant, created_by, creation_date) VALUES ("68","125","92", "170", "67", "36", "Gastritis", "Colicos", "Antibioticos", "RAQUEL_CLAVIJO", "EMPRESA_1", "adminhospital", "2021-12-29");
INSERT INTO hospital_patients_history_a (presion_arterial, frecuencia_cardiaca, saturacion_oxigeno, altura, weight,temperatura, antecedentes, diagnostico, tratamiento, patient_username, tenant, created_by, creation_date) VALUES ("70","122","87", "162", "78", "36", "Hipertension", "Tos", "Antibioticos", "PATTY_CANAVIRI", "EMPRESA_1", "adminhospital", "2021-12-29");
INSERT INTO hospital_patients_history_a (presion_arterial, frecuencia_cardiaca, saturacion_oxigeno, altura, weight,temperatura, antecedentes, diagnostico, tratamiento, patient_username, tenant, created_by, creation_date) VALUES ("69","125","92", "170", "67", "36", "No_Refiere", "Colicos", "Antibioticos", "FRANKLIN_TROCHE", "EMPRESA_1", "adminhospital", "2021-12-29");
INSERT INTO hospital_patients_history_a (presion_arterial, frecuencia_cardiaca, saturacion_oxigeno, altura, weight,temperatura, antecedentes, diagnostico, tratamiento, patient_username, tenant, created_by, creation_date) VALUES ("70","128","92", "170", "67", "36", "Hipertension", "Fiebre", "Antibioticos", "MAURICIO_CLAVIJO", "EMPRESA_1", "adminhospital", "2021-12-29");
INSERT INTO hospital_patients_history_a (presion_arterial, frecuencia_cardiaca, saturacion_oxigeno, altura, weight,temperatura, antecedentes, diagnostico, tratamiento, patient_username, tenant, created_by, creation_date) VALUES ("70","121","85", "170", "84", "36", "No_Refiere", "Bajopeso", "Antibioticos", "MIGUEL_GUTIERREZ", "EMPRESA_1", "adminhospital", "2021-12-29");
INSERT INTO hospital_patients_history_a (presion_arterial, frecuencia_cardiaca, saturacion_oxigeno, altura, weight,temperatura, antecedentes, diagnostico, tratamiento, patient_username, tenant, created_by, creation_date) VALUES ("72","129","92", "158", "67", "36", "No_Refiere", "Tos", "Antibioticos", "EDWIN_MONTES", "EMPRESA_1", "adminhospital", "2021-12-29");
INSERT INTO hospital_patients_history_a (presion_arterial, frecuencia_cardiaca, saturacion_oxigeno, altura, weight,temperatura, antecedentes, diagnostico, tratamiento, patient_username, tenant, created_by, creation_date) VALUES ("70","128","83", "170", "67", "36", "Diabetes", "Tos", "Antibioticos", "ALFONSO_ORIHUELA", "EMPRESA_1", "adminhospital", "2021-12-29");
INSERT INTO hospital_patients_history_a (presion_arterial, frecuencia_cardiaca, saturacion_oxigeno, altura, weight,temperatura, antecedentes, diagnostico, tratamiento, patient_username, tenant, created_by, creation_date) VALUES ("71","123","92", "170", "67", "36", "No_Refiere", "Colicos", "Antibioticos", "MateoRodriguez", "EMPRESA_1", "adminhospital", "2021-12-29");
INSERT INTO hospital_patients_history_a (presion_arterial, frecuencia_cardiaca, saturacion_oxigeno, altura, weight,temperatura, antecedentes, diagnostico, tratamiento, patient_username, tenant, created_by, creation_date) VALUES ("69","125","87", "150", "95", "36", "No_Refiere", "Tos", "Antibioticos", "DanielCruz", "EMPRESA_1", "adminhospital", "2021-12-29");
INSERT INTO hospital_patients_history_a (presion_arterial, frecuencia_cardiaca, saturacion_oxigeno, altura, weight,temperatura, antecedentes, diagnostico, tratamiento, patient_username, tenant, created_by, creation_date) VALUES ("70","121","92", "170", "67", "36", "Diabetes", "Colicos", "Antibioticos", "PabloSanchez", "EMPRESA_1", "adminhospital", "2021-12-29");
INSERT INTO hospital_patients_history_a (presion_arterial, frecuencia_cardiaca, saturacion_oxigeno, altura, weight,temperatura, antecedentes, diagnostico, tratamiento, patient_username, tenant, created_by, creation_date) VALUES ("70","125","88", "155", "67", "36", "No_Refiere", "Tos", "Antibioticos", "ValentinaLaverde", "EMPRESA_1", "adminhospital", "2021-12-29");
INSERT INTO hospital_patients_history_a (presion_arterial, frecuencia_cardiaca, saturacion_oxigeno, altura, weight,temperatura, antecedentes, diagnostico, tratamiento, patient_username, tenant, created_by, creation_date) VALUES ("68","122","92", "170", "87", "36", "No_Refiere", "Tos", "Antibioticos", "RICARDO_VILLAFAN", "EMPRESA_1", "adminhospital", "2021-12-29");
