-- ALC-URB-TRAMITE
INSERT INTO alc_urb_tramite (nombre, nombre_corto, tenant, created_by, creation_date) VALUES ("CERTIFICACION PLANO DE LOTE APROBADO", "CER_PLA_LOT_APRO", "EMPRESA_1", "SysUrbanismoAdmin", "2021-11-01");
INSERT INTO alc_urb_tramite (nombre, nombre_corto, tenant, created_by, creation_date) VALUES ("APROBACION DE LOTE", "APR_LOT", "EMPRESA_1", "SysUrbanismoAdmin", "2021-11-01");
INSERT INTO alc_urb_tramite (nombre, nombre_corto, tenant, created_by, creation_date) VALUES ("VISACION DE MINUTA DE TRANSFERENCIA", "VIS_MIN_TRA", "EMPRESA_1", "SysUrbanismoAdmin", "2021-11-01");
INSERT INTO alc_urb_tramite (nombre, nombre_corto, tenant, created_by, creation_date) VALUES ("REGISTRO CATASTRAL DEL INMUEBLE O CAMBIO DE NOMBRE", "REG_CAT_INM_CAM_NOM", "EMPRESA_1", "SysUrbanismoAdmin", "2021-11-01");
INSERT INTO alc_urb_tramite (nombre, nombre_corto, tenant, created_by, creation_date) VALUES ("CERTIFICACION DE PREDIO EN LA ZONA URBANA Y/O DE DATOS TECNICOS", "CER_PRE_ZON_URB", "EMPRESA_1", "SysUrbanismoAdmin", "2021-11-01");
INSERT INTO alc_urb_tramite (nombre, nombre_corto, tenant, created_by, creation_date) VALUES ("APROBACION DE PLANO DE VERJA", "APR_PLA_VER", "EMPRESA_1", "SysUrbanismoAdmin", "2021-11-01");
INSERT INTO alc_urb_tramite (nombre, nombre_corto, tenant, created_by, creation_date) VALUES ("APROBACION DE PLANOS DE CONSTRUCCION DE VIVIENDA", "APR_PLA_CON_VIV", "EMPRESA_1", "SysUrbanismoAdmin", "2021-11-01");
INSERT INTO alc_urb_tramite (nombre, nombre_corto, tenant, created_by, creation_date) VALUES ("LEGALIZACION TECNICA PARA EDIFICACIONES", "LEG_TEC_EDI", "EMPRESA_1", "SysUrbanismoAdmin", "2021-11-01");

-- ALC-URB-REQUISITOS
-- REQUISITOS PARA LA LEGALIZACION TECNICA PARA EDIFICACIONES
INSERT INTO alc_urb_requisitos (nombre, nombre_corto, tenant, created_by, creation_date) VALUES ("MEMORIAL DE SOLICITUD", "MEM_SOL", "EMPRESA_1", "SysUrbanismoAdmin", "2023-05-26");
INSERT INTO alc_urb_requisitos (nombre, nombre_corto, tenant, created_by, creation_date) VALUES ("FOTOCOPIA LEGALIZADA DEL FOLIO REAL O (VISTA RAPIDA NO MAYOR A 6 MESES)", "FOT_LEG", "EMPRESA_1", "SysUrbanismoAdmin", "2023-05-26");
INSERT INTO alc_urb_requisitos (nombre, nombre_corto, tenant, created_by, creation_date) VALUES ("PODER ORIGINAL EN CASO DE APODERADO SI CORRESPONDE", "POD_ORI", "EMPRESA_1", "SysUrbanismoAdmin", "2023-05-26");
INSERT INTO alc_urb_requisitos (nombre, nombre_corto, tenant, created_by, creation_date) VALUES ("FOTOCOPIA LEGALIZADA DEL PLANO DE LOTE (APROBADO)", "FOT_LEGAL", "EMPRESA_1", "SysUrbanismoAdmin", "2023-05-26");
INSERT INTO alc_urb_requisitos (nombre, nombre_corto, tenant, created_by, creation_date) VALUES ("PLANOS ARQUITECTONICOS DE LA EDIFICACION VISADO, FIRMADO Y SELLADOS POR UN PROFESIONAL ARQUITECTO", "PLA_ARQ", "EMPRESA_1", "SysUrbanismoAdmin", "2023-05-26");
INSERT INTO alc_urb_requisitos (nombre, nombre_corto, tenant, created_by, creation_date) VALUES ("FOTOCOPIA SIMPLE DE LA CEDULA DE IDENTIDAD DEL O LOS PROPIETARIOS Y/O APODERADO", "FOT_SIM", "EMPRESA_1", "SysUrbanismoAdmin", "2023-05-26");
INSERT INTO alc_urb_requisitos (nombre, nombre_corto, tenant, created_by, creation_date) VALUES ("CERTIFICACION DE ESTABILIDAD ESTRUCTURAL Y CERTIFICACION DE INSTALACION SANITARIA (SOLO PARA EL CASO DE EDIFICACIONES SUPERIORES A CUATRO PLANTAS)", "CER_EST", "EMPRESA_1", "SysUrbanismoAdmin", "2023-05-26");
INSERT INTO alc_urb_requisitos (nombre, nombre_corto, tenant, created_by, creation_date) VALUES ("FOTOCOPIA DE PLANO, APROBADO DE CONSTRUCCION (SI EXISTIERA)", "FOT_PLA", "EMPRESA_1", "SysUrbanismoAdmin", "2023-05-26");
INSERT INTO alc_urb_requisitos (nombre, nombre_corto, tenant, created_by, creation_date) VALUES ("FOLDER MUNICIPAL CON LOS RESPECTIVOS VALORADOS 55 BS. (LLENAR FORMULARIOS DE DECLARACION JURADA VOLUNTARIA ADMINISTRATIVA Y FORMULARIO DE DECLARACION DE CONSTRUCCIONES ADJUNTAS AL FOLDER)", "FOL_MUN", "EMPRESA_1", "SysUrbanismoAdmin", "2023-05-26");
INSERT INTO alc_urb_requisitos (nombre, nombre_corto, tenant, created_by, creation_date) VALUES ("VALOR DE OPORTUNIDAD 490 BS - DEPOSITO A CUENTA UNICA MUNICIPAL 10000011046998", "VAL_490", "EMPRESA_1", "SysUrbanismoAdmin", "2023-05-26");
-- REQUISITOS PARA APROBACION DE PLANOS DE CONSTRUCCION DE VIVIENDA
INSERT INTO alc_urb_requisitos (nombre, nombre_corto, tenant, created_by, creation_date) VALUES ("MEMORIAL DE SOLICITUD DE APROBACION DE PLANO DE VIVIENDA FIRMADO POR UN PROFESIONAL ABOGADO, DIRIGIDA AL SR. ALCALDE", "MEM_APR", "EMPRESA_1", "SysUrbanismoAdmin", "2023-05-26");
INSERT INTO alc_urb_requisitos (nombre, nombre_corto, tenant, created_by, creation_date) VALUES ("TITULO DE PROPIEDAD REGISTRADO EN DERECHOS REALES ORIGINAL CON MATRICULA ACTUALIZADA Y FOTOCOPIA DEL MISMO PARA SER LEGALIZADO", "TIT_REG", "EMPRESA_1", "SysUrbanismoAdmin", "2023-05-26");
INSERT INTO alc_urb_requisitos (nombre, nombre_corto, tenant, created_by, creation_date) VALUES ("CEDULA DE IDENTIDAD DEL PROPIETARIO ORIGINAL Y FOTOCOPIA (VIGENTE) (FIRMA DEL PROPIETARIO EN MEDIO DE LA FOTOCOPIA)", "CED_PRO", "EMPRESA_1", "SysUrbanismoAdmin", "2023-05-26");
INSERT INTO alc_urb_requisitos (nombre, nombre_corto, tenant, created_by, creation_date) VALUES ("COMPROBANTE DE PAGO DE IMPUESTOS DE LOS ULTIMOS CINCO AÑOS (ORIGINAL Y/O FOTOCOPIA LEGALIZADA)", "COM_PAG", "EMPRESA_1", "SysUrbanismoAdmin", "2023-05-26");
INSERT INTO alc_urb_requisitos (nombre, nombre_corto, tenant, created_by, creation_date) VALUES ("CERTIFICADO CATASTRAL A NOMBRE DEL PROPIETARIO ACTUAL", "CER_NOM", "EMPRESA_1", "SysUrbanismoAdmin", "2023-05-26");
INSERT INTO alc_urb_requisitos (nombre, nombre_corto, tenant, created_by, creation_date) VALUES ("PLANO DE CONSTRUCCCION A SER APROBADO UN ORIGINAL Y TRES COPIAS VISADO PARA EL COLEGIO DE ARQUITECTOS EN SU FOLDER", "PLA_CON", "EMPRESA_1", "SysUrbanismoAdmin", "2023-05-26");
INSERT INTO alc_urb_requisitos (nombre, nombre_corto, tenant, created_by, creation_date) VALUES ("EN CASO DE URBANIZACION O FRACCIONAMIENTO PREVIO PRESENTAR PLANO DE LOTE APROBADO O REVALIDADO POR (G.A.M.C) ORIGINAL Y FOTOCOPIA LEGALIZADA POR ARCHIVOS DE URBANISMO", "URB_FRA", "EMPRESA_1", "SysUrbanismoAdmin", "2023-05-26");
INSERT INTO alc_urb_requisitos (nombre, nombre_corto, tenant, created_by, creation_date) VALUES ("PLANO DE LOTE APROBADO POR (G.A.M.C) FOTOCOPIA LEGALIZADA POR ARCHIVOS DE URBANISMO", "PLAN_ARCH", "EMPRESA_1", "SysUrbanismoAdmin", "2023-05-26");
INSERT INTO alc_urb_requisitos (nombre, nombre_corto, tenant, created_by, creation_date) VALUES ("EN CASO DE SER APROBADO PRESENTAR EL ORIGINAL DEL PODER CON EL CI Y FOTOCOPIA PARA SER LEGALIZADO", "APRO_PODE", "EMPRESA_1", "SysUrbanismoAdmin", "2023-05-26");
INSERT INTO alc_urb_requisitos (nombre, nombre_corto, tenant, created_by, creation_date) VALUES ("COSTO DE LOS VALORES PARA ESTE BS. 55", "COS_55", "EMPRESA_1", "SysUrbanismoAdmin", "2023-05-26");
-- REQUISITOS PARA CERTIFICACION DE PREDIO EN LA ZONA URBANA Y/O DE DATOS TECNICOS
INSERT INTO alc_urb_requisitos (nombre, nombre_corto, tenant, created_by, creation_date) VALUES ("MEMORIAL DE SOLICITUD ACLARANDO EL TIPO DE CERTIFICACION QUE REQUIERE FIRMADO POR UN PROFESIONAL ABOGADO Y DEL INTERESADO DIRIGIDO AL SEÑOR ALCALDE.", "MEM_ACL", "EMPRESA_1", "SysUrbanismoAdmin", "2023-05-26");
INSERT INTO alc_urb_requisitos (nombre, nombre_corto, tenant, created_by, creation_date) VALUES ("TITULO DE PROPIEDAD REGISTRADO EN DERECHOS REALES, ORIGINAL CON MATRICULA COMPUTARIZADA ACTUALIZA Y FOTOCOPIAS LEGALIZADAS DE LOS MISMOS", "TIT_DER", "EMPRESA_1", "SysUrbanismoAdmin", "2023-05-26");
INSERT INTO alc_urb_requisitos (nombre, nombre_corto, tenant, created_by, creation_date) VALUES ("CEDULA DE IDENTIDAD DEL PROPIETARIO EN OROGINAL Y FOTOCOPIAS LEGIBLE (FIRMA Y HUELLA DIGITAL DEL PROPIETARIO EN LA FOTOCOPIA DE LA CEDULA DE IDENTIDAD).", "FOT_PLAN", "EMPRESA_1", "SysUrbanismoAdmin", "2023-05-26");
INSERT INTO alc_urb_requisitos (nombre, nombre_corto, tenant, created_by, creation_date) VALUES ("FOTOCOPIA LEGALIZADA DEL PLANO DE LOTE APROBADO POR (G.A.M.C.)", "FOT_LEGA", "EMPRESA_1", "SysUrbanismoAdmin", "2023-05-26");
INSERT INTO alc_urb_requisitos (nombre, nombre_corto, tenant, created_by, creation_date) VALUES ("FOTOCOPIA DE LA RESOLUCION MUNICIPAL TECNICA ADMINISTRATIVA", "FOT_RESO", "EMPRESA_1", "SysUrbanismoAdmin", "2023-05-26");
INSERT INTO alc_urb_requisitos (nombre, nombre_corto, tenant, created_by, creation_date) VALUES ("COMPROBANTE DE PAGO DEL IMPUESTO DE LA GESTION EN PROCESO DE COBRO", "COM_PAGO", "EMPRESA_1", "SysUrbanismoAdmin", "2023-05-26");
INSERT INTO alc_urb_requisitos (nombre, nombre_corto, tenant, created_by, creation_date) VALUES ("COSTO DE LOS VALORES MUNICIPALES PARA ESTE BS.35", "COS_35", "EMPRESA_1", "SysUrbanismoAdmin", "2023-05-26");
-- REQUISITOS PARA APROBACION DE PLANO DE VERJA
INSERT INTO alc_urb_requisitos (nombre, nombre_corto, tenant, created_by, creation_date) VALUES ("MEMORIAL DE SOLICITUD DE APROBACION DE PLANO DE VERJA FIRMADO POR UN PROFESIONAL ABOGADO Y DEL INTERESADO O APODERADO, DIRIGIDO AL SR. ACALDE.", "MEMO_SOL", "EMPRESA_1", "SysUrbanismoAdmin", "2023-05-26");
INSERT INTO alc_urb_requisitos (nombre, nombre_corto, tenant, created_by, creation_date) VALUES ("TITULO DE PROPIEDADREGISTRADO EN DERECHOS REALES ORIGINAL CON MATRICULA ACTUALIZADA Y FOTOCOPIA DEL MISMO PARA SER LEGALIZADO", "TITU_PRO", "EMPRESA_1", "SysUrbanismoAdmin", "2023-05-26");
INSERT INTO alc_urb_requisitos (nombre, nombre_corto, tenant, created_by, creation_date) VALUES ("CEDULA DE IDENTIDAD DEL PROPIETARIO ORIGINAL Y FOTOCOPIA (VIGENTE). (FIRMA DEL PROPIETARIO EN MEDIO DE LA FOTOCOPIA).", "CEDU_IDE", "EMPRESA_1", "SysUrbanismoAdmin", "2023-05-26");
INSERT INTO alc_urb_requisitos (nombre, nombre_corto, tenant, created_by, creation_date) VALUES ("COMPROBANTE DE PAGO DE IMPUESTOS DE LOS ULTIMOS CINCO AÑOS (ORIGINAL Y/O FOTOCOPIA LEGALIZADA).", "COMP_PAG", "EMPRESA_1", "SysUrbanismoAdmin", "2023-05-26");
INSERT INTO alc_urb_requisitos (nombre, nombre_corto, tenant, created_by, creation_date) VALUES ("CERTIFICADO CATASTRAL A NOMBRE DEL PROPIETARIO (ACTUAL)", "CERT_CAT", "EMPRESA_1", "SysUrbanismoAdmin", "2023-05-26");
INSERT INTO alc_urb_requisitos (nombre, nombre_corto, tenant, created_by, creation_date) VALUES ("PLANO DE VERJA A SER APROBADO UN ORIGINAL Y TRES COPIAS, VISADO POR EL COLEGIO DE ARQUITECTOS EN SU FOLDER.", "PLAN_VER", "EMPRESA_1", "SysUrbanismoAdmin", "2023-05-26");
INSERT INTO alc_urb_requisitos (nombre, nombre_corto, tenant, created_by, creation_date) VALUES ("PLANO DE LOTE APROBADO POR (G.A.M.C) FOTOCOPIA (LEGALIZADA POR ARCHIVOS DE URBANISMO)", "PLAN_LOT", "EMPRESA_1", "SysUrbanismoAdmin", "2023-05-26");
INSERT INTO alc_urb_requisitos (nombre, nombre_corto, tenant, created_by, creation_date) VALUES ("EN CASO DE SER APODERADO PRESENTAR EL ORIGINAL DEL PODER CON EL C.I. Y FOTOCOPIA PARA SER LEGALIZADO", "PRE_ORI", "EMPRESA_1", "SysUrbanismoAdmin", "2023-05-26");
INSERT INTO alc_urb_requisitos (nombre, nombre_corto, tenant, created_by, creation_date) VALUES ("COSTO DE LOS VALORES MUNICIPALES PARA ESTE BS.55", "COST_55", "EMPRESA_1", "SysUrbanismoAdmin", "2023-05-26");
-- REQUISITOS PARA CERTIFICACION PLANO DE LOTE APROBADO
INSERT INTO alc_urb_requisitos (nombre, nombre_corto, tenant, created_by, creation_date) VALUES ("MEMORIAL DE SOLICITUD DE CERTIFICACION DE PLANO DE LOTE APROBADO DIRIGIDA AL SR. ALCALDE REDACTADA Y FIRMADO POR UN PROFESIONAL ABOGADO Y DEL INTERESADO", "MEMO_SOLI", "EMPRESA_1", "SysUrbanismoAdmin", "2023-05-26");
INSERT INTO alc_urb_requisitos (nombre, nombre_corto, tenant, created_by, creation_date) VALUES ("TITULO DE PROPIEDAD REGISTRADO EN DERECHOS REALES ORIGINAL CON MATRICULA ACTUALIZADA Y FOTOCOPIA SIMPLE PARA LEGALIZAR", "TITU_PROP", "EMPRESA_1", "SysUrbanismoAdmin", "2023-05-26");
INSERT INTO alc_urb_requisitos (nombre, nombre_corto, tenant, created_by, creation_date) VALUES ("CEDULA DE IDENTIDAD DEL PROPIETARIO ORIGINAL Y FOTOCOPIA (ACTUALIZADO Y/O VIGENTE). (FIRMA DEL PROPIETARIO EN MEDIO DE LA FOTOCOPIA).", "CEDU_IDEN", "EMPRESA_1", "SysUrbanismoAdmin", "2023-05-26");
INSERT INTO alc_urb_requisitos (nombre, nombre_corto, tenant, created_by, creation_date) VALUES ("COMPROBANTE DE PAGO DE IMPUESTOS DE LOS ULTIMOS CINCO AÑOS. (ORIGINAL Y/O FOTOCOPIA LEGALIZADA).", "COMP_PAGO", "EMPRESA_1", "SysUrbanismoAdmin", "2023-05-26");
INSERT INTO alc_urb_requisitos (nombre, nombre_corto, tenant, created_by, creation_date) VALUES ("PLANO DE LOTE A SER CERTIFICADO DOS ORIGINALES Y TRES COPIAS. VISADO POR EL COLEGIO DE ARQUITECTOS.", "PLAN_LOTE", "EMPRESA_1", "SysUrbanismoAdmin", "2023-05-26");
INSERT INTO alc_urb_requisitos (nombre, nombre_corto, tenant, created_by, creation_date) VALUES ("EN CASO DE URBANIZACION O FRACCIONAMIENTO PREVIO, PRESENTAR PLANO DE LOTE APROBADO O REVALIDADO POR (G.A.M.C) ORIGINAL Y FOTOCOPIA LEGALIZADA", "URBA_FRAC", "EMPRESA_1", "SysUrbanismoAdmin", "2023-05-26");
INSERT INTO alc_urb_requisitos (nombre, nombre_corto, tenant, created_by, creation_date) VALUES ("EN CASO DE SER APODERADO PRESENTAR EL ORIGINAL DEL PODER CON EL C.I Y FOTOCOPIA LEGALIZADA DE LOS MISMOS", "APOD_PRES", "EMPRESA_1", "SysUrbanismoAdmin", "2023-05-26");
INSERT INTO alc_urb_requisitos (nombre, nombre_corto, tenant, created_by, creation_date) VALUES ("EN CASO DE TRAMITE CONJUNTO A VISACION DE MINUTA LOS DOCUMENTOS DE LA CARPETA, SERAN CONSIDERADOS VALIDOS PARA AMBOS TRAMITES", "CONJ_VISA", "EMPRESA_1", "SysUrbanismoAdmin", "2023-05-26");
-- REQUISITOS PARA APROBACION DE LOTE
INSERT INTO alc_urb_requisitos (nombre, nombre_corto, tenant, created_by, creation_date) VALUES ("MEMORIAL DE SOLICITUD DE APROBACION DE PLANO DE LOTE DIRIGIDA AL ALCALDE MUNICIPAL REDACTADA Y FIRMADO POR UN ABOGADO Y DEL INTERESADO", "PLA_DIR", "EMPRESA_1", "SysUrbanismoAdmin", "2023-05-26");
INSERT INTO alc_urb_requisitos (nombre, nombre_corto, tenant, created_by, creation_date) VALUES ("TITULO DE PROPIEDAD REGISTRADO EN DERECHOS REALES ORIGINAL CON MATRICULA ACTUALIZADA Y FOTOCOPIA SIMPLE PARA LEGALIZAR.", "MAT_ACT", "EMPRESA_1", "SysUrbanismoAdmin", "2023-05-26");
INSERT INTO alc_urb_requisitos (nombre, nombre_corto, tenant, created_by, creation_date) VALUES ("PLANO DE LOTE A SER APROBADO DOS ORIGINALES Y TRES COPIAS, VISADO POR EL COLEGIO DE ARQUITECTOS.", "APR_ORI", "EMPRESA_1", "SysUrbanismoAdmin", "2023-05-26");
INSERT INTO alc_urb_requisitos (nombre, nombre_corto, tenant, created_by, creation_date) VALUES ("EN CASO DE URBANIZACION O FRACCIONAMIENTO PREVIO, PRESENTAR PLANO DE LOTE APROBADO O REVALIDADO POR (G.A.M.C) ORIGINAL Y FOTOCOPIA LEGALIZADA POR ARCHIVOS DE URBANISMO", "FRA_PRE", "EMPRESA_1", "SysUrbanismoAdmin", "2023-05-26");
INSERT INTO alc_urb_requisitos (nombre, nombre_corto, tenant, created_by, creation_date) VALUES ("EN CASO DE CERTIFICACION DE PLANO, CUMPLIR LOS MISMOS REQUISITOS SEÑALADOS PRECEDENTEMENTE; ADJUNTANDO FOTOCOPIA DEL TITULO O MINUTA Y PLANO ELABORADO POR PROFESIONAL AUTORIZADO", "CUM_REQ", "EMPRESA_1", "SysUrbanismoAdmin", "2023-05-26");
-- REQUISITOS PARA VISACION DE MINUTA DE TRANSFERENCIA
INSERT INTO alc_urb_requisitos (nombre, nombre_corto, tenant, created_by, creation_date) VALUES ("MEMORIAL DE SOLICITUD DE VISACION DE MINUTA, FIRMADO POR UN PROFESIONAL ABOGADO Y DEL O LOS INTERESADOS DIRIGIDO AL ALCALDE MUNICIPAL", "VISA_MIN", "EMPRESA_1", "SysUrbanismoAdmin", "2023-05-26");
INSERT INTO alc_urb_requisitos (nombre, nombre_corto, tenant, created_by, creation_date) VALUES ("TITULO DE PROPIEDAD REGISTRADO EN DERECHOS REALES, ORIGINAL CON MATRICULA COMPUTARIZADA ACTUALIZADA Y FOTOCOPIA DE LOS MISMOS A SER LEGALIZADOS", "ORIG_COM", "EMPRESA_1", "SysUrbanismoAdmin", "2023-05-26");
INSERT INTO alc_urb_requisitos (nombre, nombre_corto, tenant, created_by, creation_date) VALUES ("ESCRITURAS PUBLICAS COMPLEMENTARIAS AL TITULO PRINCIPAL, SI CORRESPONDE", "ESCR_PUB", "EMPRESA_1", "SysUrbanismoAdmin", "2023-05-26");
INSERT INTO alc_urb_requisitos (nombre, nombre_corto, tenant, created_by, creation_date) VALUES ("RESOLUCION MUNICIPAL TECNICA ADMINISTRATIVA COPIA SIMPLE", "RESO_TEC", "EMPRESA_1", "SysUrbanismoAdmin", "2023-05-26");
INSERT INTO alc_urb_requisitos (nombre, nombre_corto, tenant, created_by, creation_date) VALUES ("MINUTA DE TRANSFERENCIA ORIGINAL Y FOTOCOPIA PARA SER SELLADA Y VISADA", "MINU_FOT", "EMPRESA_1", "SysUrbanismoAdmin", "2023-05-26");
INSERT INTO alc_urb_requisitos (nombre, nombre_corto, tenant, created_by, creation_date) VALUES ("CEDULA DE IDENTIDAD DE LOS INTERVENIENTES (FOTOCOPIA LEGIBLE DEL C.I. VENDEDOR(ES) EN ORIGINAL Y FOTOCOPIA LEGIBLE DEL C.I. COMPRADOR(ES))", "IDEN_INT", "EMPRESA_1", "SysUrbanismoAdmin", "2023-05-26");
INSERT INTO alc_urb_requisitos (nombre, nombre_corto, tenant, created_by, creation_date) VALUES ("COMPROBANTE DE PAGO DE IMPUESTOS A LA PROPIEDAD DEL BIEN INMUEBLE DE LOS ULTIMOS CINCO AÑOS EN ORIGINAL O COPIAS LEGALIZADAS", "PAGO_IMP", "EMPRESA_1", "SysUrbanismoAdmin", "2023-05-26");
INSERT INTO alc_urb_requisitos (nombre, nombre_corto, tenant, created_by, creation_date) VALUES ("INSCRIPCION CATASTRAL (ACTUALIZADO) A NOMBRE DEL VENDEDOR, EN ORIGINAL Y FOTOCOPIA", "INSC_CATA", "EMPRESA_1", "SysUrbanismoAdmin", "2023-05-26");
INSERT INTO alc_urb_requisitos (nombre, nombre_corto, tenant, created_by, creation_date) VALUES ("PLANO DE APROBACION POR (G.A.M.C) FOTOCOPIA LEGALIZADA POR ARCHIVOS DE URBANISMO.", "PLAN_APROB", "EMPRESA_1", "SysUrbanismoAdmin", "2023-05-26");
INSERT INTO alc_urb_requisitos (nombre, nombre_corto, tenant, created_by, creation_date) VALUES ("COSTO DE LOS VALORES MUNICIPALES PARA ESTE BS.64", "COS_64", "EMPRESA_1", "SysUrbanismoAdmin", "2023-05-26");
-- REQUISITOS PARA REGISTRO CATASTRAL DEL INMUEBLE O CAMBIO DE NOMBRE
INSERT INTO alc_urb_requisitos (nombre, nombre_corto, tenant, created_by, creation_date) VALUES ("MEMORIAL DE SOLICITUD DE INSCRIPCION CATASTRAL O CAMBIO, FIRMADO POR UN PROFESIONAL ABOGADO Y DEL O LOS INTERESADOS DIRIGIDO AL ALCALDE MUNICIPAL", "MEMOR_SOLI", "EMPRESA_1", "SysUrbanismoAdmin", "2023-05-26");
INSERT INTO alc_urb_requisitos (nombre, nombre_corto, tenant, created_by, creation_date) VALUES ("TITULO PROPIEDAD REGISTRADO EN DERECHOS REALES, ORIGINAL CON MATRICULA COMPUTARIZADA ACTUALIZADA Y FOTOCOPIA DE LOS MISMOS A SER LEGALIZADAS", "TITUL_PRO", "EMPRESA_1", "SysUrbanismoAdmin", "2023-05-26");
INSERT INTO alc_urb_requisitos (nombre, nombre_corto, tenant, created_by, creation_date) VALUES ("CEDULA DE IDENTIDAD DEL PROPIETARIO (OS) ORIGINAL Y FOTOCOPIA LEGIBLE (FIRMA Y HUELLA DIGITAL DEL PROPIETARIO EN LA FOTOCOPIA DE LA CEDULA DE IDENTIDAD).", "CEDUL_IDE", "EMPRESA_1", "SysUrbanismoAdmin", "2023-05-26");
INSERT INTO alc_urb_requisitos (nombre, nombre_corto, tenant, created_by, creation_date) VALUES ("INSCRIPCION CATASTRAL ACTUALIZADA EN ORIGINAL Y FOTOCOPIA (SOLO EN CASO DE CAMBIO NOMBRE).", "INSCR_CAT", "EMPRESA_1", "SysUrbanismoAdmin", "2023-05-26");
INSERT INTO alc_urb_requisitos (nombre, nombre_corto, tenant, created_by, creation_date) VALUES ("PLANO DE LOTE APROBADO Y RESOLUCION MUNICIPAL TECNICA ADMINISTRATIVA DEL (G.A.M.C) ORIGINAL Y FOTOCOPIA LEGALIZADA POR ARCHIVOS.", "PLANO_LOTE", "EMPRESA_1", "SysUrbanismoAdmin", "2023-05-26");
INSERT INTO alc_urb_requisitos (nombre, nombre_corto, tenant, created_by, creation_date) VALUES ("COSTO DE LOS VALORES MUNICIPALES PARA ESTE ES BS.49", "COS_49", "EMPRESA_1", "SysUrbanismoAdmin", "2023-05-26");

-- ALC-URB-TRAMITE-REQUISITOS
INSERT INTO alc_urb_tramite_requisitos (tramite_nombre_corto, requisito_nombre_corto, tenant, created_by, creation_date) VALUES ("CER_PLA_LOT_APRO", "MEMO_SOLI", "EMPRESA_1", "SysUrbanismoAdmin", "2023-05-26");
INSERT INTO alc_urb_tramite_requisitos (tramite_nombre_corto, requisito_nombre_corto, tenant, created_by, creation_date) VALUES ("CER_PLA_LOT_APRO", "TITU_PROP", "EMPRESA_1", "SysUrbanismoAdmin", "2023-05-26");
INSERT INTO alc_urb_tramite_requisitos (tramite_nombre_corto, requisito_nombre_corto, tenant, created_by, creation_date) VALUES ("CER_PLA_LOT_APRO", "CEDU_IDEN", "EMPRESA_1", "SysUrbanismoAdmin", "2023-05-26");
INSERT INTO alc_urb_tramite_requisitos (tramite_nombre_corto, requisito_nombre_corto, tenant, created_by, creation_date) VALUES ("CER_PLA_LOT_APRO", "COMP_PAGO", "EMPRESA_1", "SysUrbanismoAdmin", "2023-05-26");
INSERT INTO alc_urb_tramite_requisitos (tramite_nombre_corto, requisito_nombre_corto, tenant, created_by, creation_date) VALUES ("CER_PLA_LOT_APRO", "PLAN_LOTE", "EMPRESA_1", "SysUrbanismoAdmin", "2023-05-26");
INSERT INTO alc_urb_tramite_requisitos (tramite_nombre_corto, requisito_nombre_corto, tenant, created_by, creation_date) VALUES ("CER_PLA_LOT_APRO", "URBA_FRAC", "EMPRESA_1", "SysUrbanismoAdmin", "2023-05-26");
INSERT INTO alc_urb_tramite_requisitos (tramite_nombre_corto, requisito_nombre_corto, tenant, created_by, creation_date) VALUES ("CER_PLA_LOT_APRO", "APOD_PRES", "EMPRESA_1", "SysUrbanismoAdmin", "2023-05-26");
INSERT INTO alc_urb_tramite_requisitos (tramite_nombre_corto, requisito_nombre_corto, tenant, created_by, creation_date) VALUES ("CER_PLA_LOT_APRO", "CONJ_VISA", "EMPRESA_1", "SysUrbanismoAdmin", "2023-05-26");
INSERT INTO alc_urb_tramite_requisitos (tramite_nombre_corto, requisito_nombre_corto, tenant, created_by, creation_date) VALUES ("CER_PLA_LOT_APRO", "COST_55", "EMPRESA_1", "SysUrbanismoAdmin", "2023-05-26");
INSERT INTO alc_urb_tramite_requisitos (tramite_nombre_corto, requisito_nombre_corto, tenant, created_by, creation_date) VALUES ("APR_LOT", "COST_55", "EMPRESA_1", "SysUrbanismoAdmin", "2023-05-25");
INSERT INTO alc_urb_tramite_requisitos (tramite_nombre_corto, requisito_nombre_corto, tenant, created_by, creation_date) VALUES ("APR_LOT", "CEDU_IDEN", "EMPRESA_1", "SysUrbanismoAdmin", "2023-05-25");
INSERT INTO alc_urb_tramite_requisitos (tramite_nombre_corto, requisito_nombre_corto, tenant, created_by, creation_date) VALUES ("APR_LOT", "COMP_PAGO", "EMPRESA_1", "SysUrbanismoAdmin", "2023-05-25");
INSERT INTO alc_urb_tramite_requisitos (tramite_nombre_corto, requisito_nombre_corto, tenant, created_by, creation_date) VALUES ("APR_LOT", "APOD_PRES", "EMPRESA_1", "SysUrbanismoAdmin", "2023-05-25");
INSERT INTO alc_urb_tramite_requisitos (tramite_nombre_corto, requisito_nombre_corto, tenant, created_by, creation_date) VALUES ("APR_LOT", "PLA_DIR", "EMPRESA_1", "SysUrbanismoAdmin", "2023-05-25");
INSERT INTO alc_urb_tramite_requisitos (tramite_nombre_corto, requisito_nombre_corto, tenant, created_by, creation_date) VALUES ("APR_LOT", "MAT_ACT", "EMPRESA_1", "SysUrbanismoAdmin", "2023-05-25");
INSERT INTO alc_urb_tramite_requisitos (tramite_nombre_corto, requisito_nombre_corto, tenant, created_by, creation_date) VALUES ("APR_LOT", "APR_ORI", "EMPRESA_1", "SysUrbanismoAdmin", "2023-05-25");
INSERT INTO alc_urb_tramite_requisitos (tramite_nombre_corto, requisito_nombre_corto, tenant, created_by, creation_date) VALUES ("APR_LOT", "FRA_PRE", "EMPRESA_1", "SysUrbanismoAdmin", "2023-05-25");
INSERT INTO alc_urb_tramite_requisitos (tramite_nombre_corto, requisito_nombre_corto, tenant, created_by, creation_date) VALUES ("APR_LOT", "CUM_REQ", "EMPRESA_1", "SysUrbanismoAdmin", "2023-05-25");
INSERT INTO alc_urb_tramite_requisitos (tramite_nombre_corto, requisito_nombre_corto, tenant, created_by, creation_date) VALUES ("VIS_MIN_TRA", "VISA_MIN", "EMPRESA_1", "SysUrbanismoAdmin", "2023-05-24");
INSERT INTO alc_urb_tramite_requisitos (tramite_nombre_corto, requisito_nombre_corto, tenant, created_by, creation_date) VALUES ("VIS_MIN_TRA", "ORIG_COM", "EMPRESA_1", "SysUrbanismoAdmin", "2023-05-24");
INSERT INTO alc_urb_tramite_requisitos (tramite_nombre_corto, requisito_nombre_corto, tenant, created_by, creation_date) VALUES ("VIS_MIN_TRA", "ESCR_PUB", "EMPRESA_1", "SysUrbanismoAdmin", "2023-05-24");
INSERT INTO alc_urb_tramite_requisitos (tramite_nombre_corto, requisito_nombre_corto, tenant, created_by, creation_date) VALUES ("VIS_MIN_TRA", "RESO_TEC", "EMPRESA_1", "SysUrbanismoAdmin", "2023-05-24");
INSERT INTO alc_urb_tramite_requisitos (tramite_nombre_corto, requisito_nombre_corto, tenant, created_by, creation_date) VALUES ("VIS_MIN_TRA", "MINU_FOT", "EMPRESA_1", "SysUrbanismoAdmin", "2023-05-24");
INSERT INTO alc_urb_tramite_requisitos (tramite_nombre_corto, requisito_nombre_corto, tenant, created_by, creation_date) VALUES ("VIS_MIN_TRA", "IDEN_INT", "EMPRESA_1", "SysUrbanismoAdmin", "2023-05-24");
INSERT INTO alc_urb_tramite_requisitos (tramite_nombre_corto, requisito_nombre_corto, tenant, created_by, creation_date) VALUES ("VIS_MIN_TRA", "PAGO_IMP", "EMPRESA_1", "SysUrbanismoAdmin", "2023-05-24");
INSERT INTO alc_urb_tramite_requisitos (tramite_nombre_corto, requisito_nombre_corto, tenant, created_by, creation_date) VALUES ("VIS_MIN_TRA", "INSC_CATA", "EMPRESA_1", "SysUrbanismoAdmin", "2023-05-24");
INSERT INTO alc_urb_tramite_requisitos (tramite_nombre_corto, requisito_nombre_corto, tenant, created_by, creation_date) VALUES ("VIS_MIN_TRA", "PLAN_APROB", "EMPRESA_1", "SysUrbanismoAdmin", "2023-05-24");
INSERT INTO alc_urb_tramite_requisitos (tramite_nombre_corto, requisito_nombre_corto, tenant, created_by, creation_date) VALUES ("VIS_MIN_TRA", "COS_64", "EMPRESA_1", "SysUrbanismoAdmin", "2023-05-24");
INSERT INTO alc_urb_tramite_requisitos (tramite_nombre_corto, requisito_nombre_corto, tenant, created_by, creation_date) VALUES ("REG_CAT_INM_CAM_NOM", "PAGO_IMP", "EMPRESA_1", "SysUrbanismoAdmin", "2023-05-26");
INSERT INTO alc_urb_tramite_requisitos (tramite_nombre_corto, requisito_nombre_corto, tenant, created_by, creation_date) VALUES ("REG_CAT_INM_CAM_NOM", "MEMOR_SOLI", "EMPRESA_1", "SysUrbanismoAdmin", "2023-05-26");
INSERT INTO alc_urb_tramite_requisitos (tramite_nombre_corto, requisito_nombre_corto, tenant, created_by, creation_date) VALUES ("REG_CAT_INM_CAM_NOM", "TITUL_PRO", "EMPRESA_1", "SysUrbanismoAdmin", "2023-05-26");
INSERT INTO alc_urb_tramite_requisitos (tramite_nombre_corto, requisito_nombre_corto, tenant, created_by, creation_date) VALUES ("REG_CAT_INM_CAM_NOM", "CEDUL_IDE", "EMPRESA_1", "SysUrbanismoAdmin", "2023-05-26");
INSERT INTO alc_urb_tramite_requisitos (tramite_nombre_corto, requisito_nombre_corto, tenant, created_by, creation_date) VALUES ("REG_CAT_INM_CAM_NOM", "INSCR_CAT", "EMPRESA_1", "SysUrbanismoAdmin", "2023-05-26");
INSERT INTO alc_urb_tramite_requisitos (tramite_nombre_corto, requisito_nombre_corto, tenant, created_by, creation_date) VALUES ("REG_CAT_INM_CAM_NOM", "PLANO_LOTE", "EMPRESA_1", "SysUrbanismoAdmin", "2023-05-26");
INSERT INTO alc_urb_tramite_requisitos (tramite_nombre_corto, requisito_nombre_corto, tenant, created_by, creation_date) VALUES ("REG_CAT_INM_CAM_NOM", "COS_49", "EMPRESA_1", "SysUrbanismoAdmin", "2023-05-26");
INSERT INTO alc_urb_tramite_requisitos (tramite_nombre_corto, requisito_nombre_corto, tenant, created_by, creation_date) VALUES ("CER_PRE_ZON_URB", "MEM_ACL", "EMPRESA_1", "SysUrbanismoAdmin", "2023-05-25");
INSERT INTO alc_urb_tramite_requisitos (tramite_nombre_corto, requisito_nombre_corto, tenant, created_by, creation_date) VALUES ("CER_PRE_ZON_URB", "TIT_DER", "EMPRESA_1", "SysUrbanismoAdmin", "2023-05-25");
INSERT INTO alc_urb_tramite_requisitos (tramite_nombre_corto, requisito_nombre_corto, tenant, created_by, creation_date) VALUES ("CER_PRE_ZON_URB", "FOT_PLAN", "EMPRESA_1", "SysUrbanismoAdmin", "2023-05-25");
INSERT INTO alc_urb_tramite_requisitos (tramite_nombre_corto, requisito_nombre_corto, tenant, created_by, creation_date) VALUES ("CER_PRE_ZON_URB", "FOT_LEGA", "EMPRESA_1", "SysUrbanismoAdmin", "2023-05-25");
INSERT INTO alc_urb_tramite_requisitos (tramite_nombre_corto, requisito_nombre_corto, tenant, created_by, creation_date) VALUES ("CER_PRE_ZON_URB", "FOT_RESO", "EMPRESA_1", "SysUrbanismoAdmin", "2023-05-25");
INSERT INTO alc_urb_tramite_requisitos (tramite_nombre_corto, requisito_nombre_corto, tenant, created_by, creation_date) VALUES ("CER_PRE_ZON_URB", "COM_PAGO", "EMPRESA_1", "SysUrbanismoAdmin", "2023-05-25");
INSERT INTO alc_urb_tramite_requisitos (tramite_nombre_corto, requisito_nombre_corto, tenant, created_by, creation_date) VALUES ("CER_PRE_ZON_URB", "COS_35", "EMPRESA_1", "SysUrbanismoAdmin", "2023-05-25");
INSERT INTO alc_urb_tramite_requisitos (tramite_nombre_corto, requisito_nombre_corto, tenant, created_by, creation_date) VALUES ("APR_PLA_VER", "MEMO_SOL", "EMPRESA_1", "SysUrbanismoAdmin", "2023-05-24");
INSERT INTO alc_urb_tramite_requisitos (tramite_nombre_corto, requisito_nombre_corto, tenant, created_by, creation_date) VALUES ("APR_PLA_VER", "TITU_PRO", "EMPRESA_1", "SysUrbanismoAdmin", "2023-05-24");
INSERT INTO alc_urb_tramite_requisitos (tramite_nombre_corto, requisito_nombre_corto, tenant, created_by, creation_date) VALUES ("APR_PLA_VER", "CEDU_IDE", "EMPRESA_1", "SysUrbanismoAdmin", "2023-05-24");
INSERT INTO alc_urb_tramite_requisitos (tramite_nombre_corto, requisito_nombre_corto, tenant, created_by, creation_date) VALUES ("APR_PLA_VER", "COMP_PAG", "EMPRESA_1", "SysUrbanismoAdmin", "2023-05-24");
INSERT INTO alc_urb_tramite_requisitos (tramite_nombre_corto, requisito_nombre_corto, tenant, created_by, creation_date) VALUES ("APR_PLA_VER", "CERT_CAT", "EMPRESA_1", "SysUrbanismoAdmin", "2023-05-24");
INSERT INTO alc_urb_tramite_requisitos (tramite_nombre_corto, requisito_nombre_corto, tenant, created_by, creation_date) VALUES ("APR_PLA_VER", "PLAN_VER", "EMPRESA_1", "SysUrbanismoAdmin", "2023-05-24");
INSERT INTO alc_urb_tramite_requisitos (tramite_nombre_corto, requisito_nombre_corto, tenant, created_by, creation_date) VALUES ("APR_PLA_VER", "PLAN_LOT", "EMPRESA_1", "SysUrbanismoAdmin", "2023-05-24");
INSERT INTO alc_urb_tramite_requisitos (tramite_nombre_corto, requisito_nombre_corto, tenant, created_by, creation_date) VALUES ("APR_PLA_VER", "PRE_ORI", "EMPRESA_1", "SysUrbanismoAdmin", "2023-05-24");
INSERT INTO alc_urb_tramite_requisitos (tramite_nombre_corto, requisito_nombre_corto, tenant, created_by, creation_date) VALUES ("APR_PLA_VER", "COST_55", "EMPRESA_1", "SysUrbanismoAdmin", "2023-05-24");
INSERT INTO alc_urb_tramite_requisitos (tramite_nombre_corto, requisito_nombre_corto, tenant, created_by, creation_date) VALUES ("APR_PLA_CON_VIV", "MEM_APR", "EMPRESA_1", "SysUrbanismoAdmin", "2023-05-26");
INSERT INTO alc_urb_tramite_requisitos (tramite_nombre_corto, requisito_nombre_corto, tenant, created_by, creation_date) VALUES ("APR_PLA_CON_VIV", "TIT_REG", "EMPRESA_1", "SysUrbanismoAdmin", "2023-05-26");
INSERT INTO alc_urb_tramite_requisitos (tramite_nombre_corto, requisito_nombre_corto, tenant, created_by, creation_date) VALUES ("APR_PLA_CON_VIV", "CED_PRO", "EMPRESA_1", "SysUrbanismoAdmin", "2023-05-26");
INSERT INTO alc_urb_tramite_requisitos (tramite_nombre_corto, requisito_nombre_corto, tenant, created_by, creation_date) VALUES ("APR_PLA_CON_VIV", "COM_PAG", "EMPRESA_1", "SysUrbanismoAdmin", "2023-05-26");
INSERT INTO alc_urb_tramite_requisitos (tramite_nombre_corto, requisito_nombre_corto, tenant, created_by, creation_date) VALUES ("APR_PLA_CON_VIV", "CER_NOM", "EMPRESA_1", "SysUrbanismoAdmin", "2023-05-26");
INSERT INTO alc_urb_tramite_requisitos (tramite_nombre_corto, requisito_nombre_corto, tenant, created_by, creation_date) VALUES ("APR_PLA_CON_VIV", "PLA_CON", "EMPRESA_1", "SysUrbanismoAdmin", "2023-05-26");
INSERT INTO alc_urb_tramite_requisitos (tramite_nombre_corto, requisito_nombre_corto, tenant, created_by, creation_date) VALUES ("APR_PLA_CON_VIV", "URB_FRA", "EMPRESA_1", "SysUrbanismoAdmin", "2023-05-26");
INSERT INTO alc_urb_tramite_requisitos (tramite_nombre_corto, requisito_nombre_corto, tenant, created_by, creation_date) VALUES ("APR_PLA_CON_VIV", "PLAN_ARCH", "EMPRESA_1", "SysUrbanismoAdmin", "2023-05-26");
INSERT INTO alc_urb_tramite_requisitos (tramite_nombre_corto, requisito_nombre_corto, tenant, created_by, creation_date) VALUES ("APR_PLA_CON_VIV", "APRO_PODE", "EMPRESA_1", "SysUrbanismoAdmin", "2023-05-26");
INSERT INTO alc_urb_tramite_requisitos (tramite_nombre_corto, requisito_nombre_corto, tenant, created_by, creation_date) VALUES ("APR_PLA_CON_VIV", "COS_55", "EMPRESA_1", "SysUrbanismoAdmin", "2023-05-26");
INSERT INTO alc_urb_tramite_requisitos (tramite_nombre_corto, requisito_nombre_corto, tenant, created_by, creation_date) VALUES ("LEG_TEC_EDI", "MEM_SOL", "EMPRESA_1", "SysUrbanismoAdmin", "2023-05-25");
INSERT INTO alc_urb_tramite_requisitos (tramite_nombre_corto, requisito_nombre_corto, tenant, created_by, creation_date) VALUES ("LEG_TEC_EDI", "FOT_LEG", "EMPRESA_1", "SysUrbanismoAdmin", "2023-05-25");
INSERT INTO alc_urb_tramite_requisitos (tramite_nombre_corto, requisito_nombre_corto, tenant, created_by, creation_date) VALUES ("LEG_TEC_EDI", "POD_ORI", "EMPRESA_1", "SysUrbanismoAdmin", "2023-05-25");
INSERT INTO alc_urb_tramite_requisitos (tramite_nombre_corto, requisito_nombre_corto, tenant, created_by, creation_date) VALUES ("LEG_TEC_EDI", "FOT_LEGAL", "EMPRESA_1", "SysUrbanismoAdmin", "2023-05-25");
INSERT INTO alc_urb_tramite_requisitos (tramite_nombre_corto, requisito_nombre_corto, tenant, created_by, creation_date) VALUES ("LEG_TEC_EDI", "PLA_ARQ", "EMPRESA_1", "SysUrbanismoAdmin", "2023-05-25");
INSERT INTO alc_urb_tramite_requisitos (tramite_nombre_corto, requisito_nombre_corto, tenant, created_by, creation_date) VALUES ("LEG_TEC_EDI", "FOT_SIM", "EMPRESA_1", "SysUrbanismoAdmin", "2023-05-25");
INSERT INTO alc_urb_tramite_requisitos (tramite_nombre_corto, requisito_nombre_corto, tenant, created_by, creation_date) VALUES ("LEG_TEC_EDI", "CER_EST", "EMPRESA_1", "SysUrbanismoAdmin", "2023-05-25");
INSERT INTO alc_urb_tramite_requisitos (tramite_nombre_corto, requisito_nombre_corto, tenant, created_by, creation_date) VALUES ("LEG_TEC_EDI", "FOT_PLA", "EMPRESA_1", "SysUrbanismoAdmin", "2023-05-25");
INSERT INTO alc_urb_tramite_requisitos (tramite_nombre_corto, requisito_nombre_corto, tenant, created_by, creation_date) VALUES ("LEG_TEC_EDI", "FOL_MUN", "EMPRESA_1", "SysUrbanismoAdmin", "2023-05-25");
INSERT INTO alc_urb_tramite_requisitos (tramite_nombre_corto, requisito_nombre_corto, tenant, created_by, creation_date) VALUES ("LEG_TEC_EDI", "VAL_490", "EMPRESA_1", "SysUrbanismoAdmin", "2023-05-25");

-- ALC-URB-ESTADOS
INSERT INTO alc_urb_estados (nombre, nombre_corto, tenant, created_by, creation_date) VALUES ("ABOGADA URBANISMO", "ABO_URB", "EMPRESA_1", "SysUrbanismoAdmin", "2023-05-26");
INSERT INTO alc_urb_estados (nombre, nombre_corto, tenant, created_by, creation_date) VALUES ("TOPOGRAFO", "TOPO", "EMPRESA_1", "SysUrbanismoAdmin", "2023-05-25");
INSERT INTO alc_urb_estados (nombre, nombre_corto, tenant, created_by, creation_date) VALUES ("ARQUITECTA DE URBANISMO", "ARQ_URB", "EMPRESA_1", "SysUrbanismoAdmin", "2023-05-24");
INSERT INTO alc_urb_estados (nombre, nombre_corto, tenant, created_by, creation_date) VALUES ("CAJA", "CAJA", "EMPRESA_1", "SysUrbanismoAdmin", "2023-05-26");
INSERT INTO alc_urb_estados (nombre, nombre_corto, tenant, created_by, creation_date) VALUES ("DIRECTOR DE URBANISMO", "DIR_URB", "EMPRESA_1", "SysUrbanismoAdmin", "2023-05-24");
INSERT INTO alc_urb_estados (nombre, nombre_corto, tenant, created_by, creation_date) VALUES ("S.M.P.", "SMP", "EMPRESA_1", "SysUrbanismoAdmin", "2023-05-24");

-- ALC-URB-TRAMITE-FLUJO
INSERT INTO alc_urb_tramite_flujo (tramite_nombre_corto, estado_nombre_corto, nombre_cliente, tenant, created_by, creation_date) VALUES ("CER_PLA_LOT_APRO", "ABO_URB", "ADRIANA_HERNANDEZ", "EMPRESA_1", "SysUrbanismoAdmin", "2023-05-26");
INSERT INTO alc_urb_tramite_flujo (tramite_nombre_corto, estado_nombre_corto, nombre_cliente, tenant, created_by, creation_date) VALUES ("CER_PLA_LOT_APRO", "TOPO", "ADRIANA_SANCHEZ", "EMPRESA_1", "SysUrbanismoAdmin", "2023-05-25");
INSERT INTO alc_urb_tramite_flujo (tramite_nombre_corto, estado_nombre_corto, nombre_cliente, tenant, created_by, creation_date) VALUES ("CER_PLA_LOT_APRO", "ARQ_URB", "ALEJANDRO_ABONDANO", "EMPRESA_1", "SysUrbanismoAdmin", "2023-05-24");
INSERT INTO alc_urb_tramite_flujo (tramite_nombre_corto, estado_nombre_corto, nombre_cliente, tenant, created_by, creation_date) VALUES ("CER_PLA_LOT_APRO", "CAJA", "ALEXANDER_CARVAJAL", "EMPRESA_1", "SysUrbanismoAdmin", "2023-05-26");
INSERT INTO alc_urb_tramite_flujo (tramite_nombre_corto, estado_nombre_corto, nombre_cliente, tenant, created_by, creation_date) VALUES ("CER_PLA_LOT_APRO", "DIR_URB", "ANDRES_VILLA", "EMPRESA_1", "SysUrbanismoAdmin", "2023-05-25");
INSERT INTO alc_urb_tramite_flujo (tramite_nombre_corto, estado_nombre_corto, nombre_cliente, tenant, created_by, creation_date) VALUES ("CER_PLA_LOT_APRO", "SMP", "CAMILO_VILLAMIZAR", "EMPRESA_1", "SysUrbanismoAdmin", "2023-05-24");
INSERT INTO alc_urb_tramite_flujo (tramite_nombre_corto, estado_nombre_corto, nombre_cliente, tenant, created_by, creation_date) VALUES ("CER_PLA_LOT_APRO", "ABO_URB", "ALEJANDRO_FORERO", "EMPRESA_1", "SysUrbanismoAdmin", "2023-05-26");
INSERT INTO alc_urb_tramite_flujo (tramite_nombre_corto, estado_nombre_corto, nombre_cliente, tenant, created_by, creation_date) VALUES ("CER_PLA_LOT_APRO", "TOPO", "GABRIEL_BUSTOS", "EMPRESA_1", "SysUrbanismoAdmin", "2023-05-25");
INSERT INTO alc_urb_tramite_flujo (tramite_nombre_corto, estado_nombre_corto, nombre_cliente, tenant, created_by, creation_date) VALUES ("CER_PLA_LOT_APRO", "ARQ_URB", "ESTEBAN_BOTERO", "EMPRESA_1", "SysUrbanismoAdmin", "2023-05-24");
INSERT INTO alc_urb_tramite_flujo (tramite_nombre_corto, estado_nombre_corto, nombre_cliente, tenant, created_by, creation_date) VALUES ("CER_PLA_LOT_APRO", "CAJA", "MARIO_OROZCO", "EMPRESA_1", "SysUrbanismoAdmin", "2023-05-26");
INSERT INTO alc_urb_tramite_flujo (tramite_nombre_corto, estado_nombre_corto, nombre_cliente, tenant, created_by, creation_date) VALUES ("APR_LOT", "DIR_URB", "GUILLERMO_ZUBIETA", "EMPRESA_1", "SysUrbanismoAdmin", "2023-05-25");
INSERT INTO alc_urb_tramite_flujo (tramite_nombre_corto, estado_nombre_corto, nombre_cliente, tenant, created_by, creation_date) VALUES ("APR_LOT", "SMP", "RICARDO_ZAMBRANO", "EMPRESA_1", "SysUrbanismoAdmin", "2023-05-24");
INSERT INTO alc_urb_tramite_flujo (tramite_nombre_corto, estado_nombre_corto, nombre_cliente, tenant, created_by, creation_date) VALUES ("APR_LOT", "ABO_URB", "JOSE_GARCIA", "EMPRESA_1", "SysUrbanismoAdmin", "2023-05-25");
INSERT INTO alc_urb_tramite_flujo (tramite_nombre_corto, estado_nombre_corto, nombre_cliente, tenant, created_by, creation_date) VALUES ("APR_LOT", "TOPO", "LEONARDO_DUENAS", "EMPRESA_1", "SysUrbanismoAdmin", "2023-05-24");
INSERT INTO alc_urb_tramite_flujo (tramite_nombre_corto, estado_nombre_corto, nombre_cliente, tenant, created_by, creation_date) VALUES ("APR_LOT", "ARQ_URB", "YIRIAM_OCHOA", "EMPRESA_1", "SysUrbanismoAdmin", "2023-05-26");
INSERT INTO alc_urb_tramite_flujo (tramite_nombre_corto, estado_nombre_corto, nombre_cliente, tenant, created_by, creation_date) VALUES ("APR_LOT", "CAJA", "YURANY_MENDEZ", "EMPRESA_1", "SysUrbanismoAdmin", "2023-05-25");
INSERT INTO alc_urb_tramite_flujo (tramite_nombre_corto, estado_nombre_corto, nombre_cliente, tenant, created_by, creation_date) VALUES ("APR_LOT", "DIR_URB", "NATALIA_CONTRERAS", "EMPRESA_1", "SysUrbanismoAdmin", "2023-05-24");
INSERT INTO alc_urb_tramite_flujo (tramite_nombre_corto, estado_nombre_corto, nombre_cliente, tenant, created_by, creation_date) VALUES ("APR_LOT", "SMP", "ANDREA_VELASCO", "EMPRESA_1", "SysUrbanismoAdmin", "2023-05-26");
INSERT INTO alc_urb_tramite_flujo (tramite_nombre_corto, estado_nombre_corto, nombre_cliente, tenant, created_by, creation_date) VALUES ("APR_LOT", "ABO_URB", "MARIANA_SANTOS", "EMPRESA_1", "SysUrbanismoAdmin", "2023-05-25");
INSERT INTO alc_urb_tramite_flujo (tramite_nombre_corto, estado_nombre_corto, nombre_cliente, tenant, created_by, creation_date) VALUES ("APR_LOT", "TOPO", "MARIA_MORENO", "EMPRESA_1", "SysUrbanismoAdmin", "2023-05-24");
INSERT INTO alc_urb_tramite_flujo (tramite_nombre_corto, estado_nombre_corto, nombre_cliente, tenant, created_by, creation_date) VALUES ("VIS_MIN_TRA", "ARQ_URB", "MARCELA_RUEDA", "EMPRESA_1", "SysUrbanismoAdmin", "2023-05-26");
INSERT INTO alc_urb_tramite_flujo (tramite_nombre_corto, estado_nombre_corto, nombre_cliente, tenant, created_by, creation_date) VALUES ("VIS_MIN_TRA", "CAJA", "LISETH_VILLAMIL", "EMPRESA_1", "SysUrbanismoAdmin", "2023-05-25");
INSERT INTO alc_urb_tramite_flujo (tramite_nombre_corto, estado_nombre_corto, nombre_cliente, tenant, created_by, creation_date) VALUES ("VIS_MIN_TRA", "DIR_URB", "TATIANA_SIERRA", "EMPRESA_1", "SysUrbanismoAdmin", "2023-05-25");
INSERT INTO alc_urb_tramite_flujo (tramite_nombre_corto, estado_nombre_corto, nombre_cliente, tenant, created_by, creation_date) VALUES ("VIS_MIN_TRA", "SMP", "LAURA_AYERBE", "EMPRESA_1", "SysUrbanismoAdmin", "2023-05-24");
INSERT INTO alc_urb_tramite_flujo (tramite_nombre_corto, estado_nombre_corto, nombre_cliente, tenant, created_by, creation_date) VALUES ("VIS_MIN_TRA", "ABO_URB", "LINA_RAMIREZ", "EMPRESA_1", "SysUrbanismoAdmin", "2023-05-26");
INSERT INTO alc_urb_tramite_flujo (tramite_nombre_corto, estado_nombre_corto, nombre_cliente, tenant, created_by, creation_date) VALUES ("VIS_MIN_TRA", "TOPO", "ABRAHAM_ALANDIA", "EMPRESA_1", "SysUrbanismoAdmin", "2023-05-25");
INSERT INTO alc_urb_tramite_flujo (tramite_nombre_corto, estado_nombre_corto, nombre_cliente, tenant, created_by, creation_date) VALUES ("VIS_MIN_TRA", "ARQ_URB", "HUGO_ROJAS", "EMPRESA_1", "SysUrbanismoAdmin", "2023-05-24");
INSERT INTO alc_urb_tramite_flujo (tramite_nombre_corto, estado_nombre_corto, nombre_cliente, tenant, created_by, creation_date) VALUES ("VIS_MIN_TRA", "CAJA", "REYNALDO_SEGALES", "EMPRESA_1", "SysUrbanismoAdmin", "2023-05-26");
INSERT INTO alc_urb_tramite_flujo (tramite_nombre_corto, estado_nombre_corto, nombre_cliente, tenant, created_by, creation_date) VALUES ("VIS_MIN_TRA", "DIR_URB", "EDDY_RIVERO", "EMPRESA_1", "SysUrbanismoAdmin", "2023-05-25");
INSERT INTO alc_urb_tramite_flujo (tramite_nombre_corto, estado_nombre_corto, nombre_cliente, tenant, created_by, creation_date) VALUES ("VIS_MIN_TRA", "SMP", "ALFONSO_VILLAVICENCIO", "EMPRESA_1", "SysUrbanismoAdmin", "2023-05-24");
INSERT INTO alc_urb_tramite_flujo (tramite_nombre_corto, estado_nombre_corto, nombre_cliente, tenant, created_by, creation_date) VALUES ("REG_CAT_INM_CAM_NOM", "ABO_URB", "PEDRO_MONTOYA", "EMPRESA_1", "SysUrbanismoAdmin", "2023-05-26");
INSERT INTO alc_urb_tramite_flujo (tramite_nombre_corto, estado_nombre_corto, nombre_cliente, tenant, created_by, creation_date) VALUES ("REG_CAT_INM_CAM_NOM", "TOPO", "ROBERTO_BLADES", "EMPRESA_1", "SysUrbanismoAdmin", "2023-05-25");
INSERT INTO alc_urb_tramite_flujo (tramite_nombre_corto, estado_nombre_corto, nombre_cliente, tenant, created_by, creation_date) VALUES ("REG_CAT_INM_CAM_NOM", "ARQ_URB", "LUIS_VERA", "EMPRESA_1", "SysUrbanismoAdmin", "2023-05-26");
INSERT INTO alc_urb_tramite_flujo (tramite_nombre_corto, estado_nombre_corto, nombre_cliente, tenant, created_by, creation_date) VALUES ("REG_CAT_INM_CAM_NOM", "CAJA", "MARCELO_ESTRADA", "EMPRESA_1", "SysUrbanismoAdmin", "2023-05-25");
INSERT INTO alc_urb_tramite_flujo (tramite_nombre_corto, estado_nombre_corto, nombre_cliente, tenant, created_by, creation_date) VALUES ("REG_CAT_INM_CAM_NOM", "DIR_URB", "FERNANDO_ARAMBURO", "EMPRESA_1", "SysUrbanismoAdmin", "2023-05-24");
INSERT INTO alc_urb_tramite_flujo (tramite_nombre_corto, estado_nombre_corto, nombre_cliente, tenant, created_by, creation_date) VALUES ("REG_CAT_INM_CAM_NOM", "SMP", "ALBERTO_LOPEZ", "EMPRESA_1", "SysUrbanismoAdmin", "2023-05-26");
INSERT INTO alc_urb_tramite_flujo (tramite_nombre_corto, estado_nombre_corto, nombre_cliente, tenant, created_by, creation_date) VALUES ("REG_CAT_INM_CAM_NOM", "ABO_URB", "LOURDES_ZEGALES", "EMPRESA_1", "SysUrbanismoAdmin", "2023-05-25");
INSERT INTO alc_urb_tramite_flujo (tramite_nombre_corto, estado_nombre_corto, nombre_cliente, tenant, created_by, creation_date) VALUES ("REG_CAT_INM_CAM_NOM", "TOPO", "CAROL_VARGAS", "EMPRESA_1", "SysUrbanismoAdmin", "2023-05-25");
INSERT INTO alc_urb_tramite_flujo (tramite_nombre_corto, estado_nombre_corto, nombre_cliente, tenant, created_by, creation_date) VALUES ("REG_CAT_INM_CAM_NOM", "ARQ_URB", "JUDITH_LOAYZA", "EMPRESA_1", "SysUrbanismoAdmin", "2023-05-24");
INSERT INTO alc_urb_tramite_flujo (tramite_nombre_corto, estado_nombre_corto, nombre_cliente, tenant, created_by, creation_date) VALUES ("REG_CAT_INM_CAM_NOM", "CAJA", "ALICIA_CHAMBI", "EMPRESA_1", "SysUrbanismoAdmin", "2023-05-26");
INSERT INTO alc_urb_tramite_flujo (tramite_nombre_corto, estado_nombre_corto, nombre_cliente, tenant, created_by, creation_date) VALUES ("CER_PRE_ZON_URB", "DIR_URB", "ALEJANDRO_AGUILAR", "EMPRESA_1", "SysUrbanismoAdmin", "2023-05-25");
INSERT INTO alc_urb_tramite_flujo (tramite_nombre_corto, estado_nombre_corto, nombre_cliente, tenant, created_by, creation_date) VALUES ("CER_PRE_ZON_URB", "SMP", "LUIS_ROSSEL", "EMPRESA_1", "SysUrbanismoAdmin", "2023-05-24");
INSERT INTO alc_urb_tramite_flujo (tramite_nombre_corto, estado_nombre_corto, nombre_cliente, tenant, created_by, creation_date) VALUES ("CER_PRE_ZON_URB", "ABO_URB", "GUSTAVO_APARICIO", "EMPRESA_1", "SysUrbanismoAdmin", "2023-05-26");
INSERT INTO alc_urb_tramite_flujo (tramite_nombre_corto, estado_nombre_corto, nombre_cliente, tenant, created_by, creation_date) VALUES ("CER_PRE_ZON_URB", "TOPO", "ADOLFO_ERGUETA", "EMPRESA_1", "SysUrbanismoAdmin", "2023-05-25");
INSERT INTO alc_urb_tramite_flujo (tramite_nombre_corto, estado_nombre_corto, nombre_cliente, tenant, created_by, creation_date) VALUES ("CER_PRE_ZON_URB", "ARQ_URB", "FERNANDO_DEHEZA", "EMPRESA_1", "SysUrbanismoAdmin", "2023-05-24");
INSERT INTO alc_urb_tramite_flujo (tramite_nombre_corto, estado_nombre_corto, nombre_cliente, tenant, created_by, creation_date) VALUES ("CER_PRE_ZON_URB", "CAJA", "RAMIRO_PINAYA", "EMPRESA_1", "SysUrbanismoAdmin", "2023-05-26");
INSERT INTO alc_urb_tramite_flujo (tramite_nombre_corto, estado_nombre_corto, nombre_cliente, tenant, created_by, creation_date) VALUES ("CER_PRE_ZON_URB", "DIR_URB", "MARCOS_CASTELLON", "EMPRESA_1", "SysUrbanismoAdmin", "2023-05-26");
INSERT INTO alc_urb_tramite_flujo (tramite_nombre_corto, estado_nombre_corto, nombre_cliente, tenant, created_by, creation_date) VALUES ("CER_PRE_ZON_URB", "SMP", "VERONICA_ZEBALLOS", "EMPRESA_1", "SysUrbanismoAdmin", "2023-05-25");
INSERT INTO alc_urb_tramite_flujo (tramite_nombre_corto, estado_nombre_corto, nombre_cliente, tenant, created_by, creation_date) VALUES ("CER_PRE_ZON_URB", "ABO_URB", "RAQUEL_CLAVIJO", "EMPRESA_1", "SysUrbanismoAdmin", "2023-05-24");
INSERT INTO alc_urb_tramite_flujo (tramite_nombre_corto, estado_nombre_corto, nombre_cliente, tenant, created_by, creation_date) VALUES ("CER_PRE_ZON_URB", "TOPO", "PATTY_CANAVIRI", "EMPRESA_1", "SysUrbanismoAdmin", "2023-05-26");
INSERT INTO alc_urb_tramite_flujo (tramite_nombre_corto, estado_nombre_corto, nombre_cliente, tenant, created_by, creation_date) VALUES ("APR_PLA_VER", "ARQ_URB", "FRANKLIN_TROCHE", "EMPRESA_1", "SysUrbanismoAdmin", "2023-05-25");
INSERT INTO alc_urb_tramite_flujo (tramite_nombre_corto, estado_nombre_corto, nombre_cliente, tenant, created_by, creation_date) VALUES ("APR_PLA_VER", "CAJA", "MAURICIO_CLAVIJO", "EMPRESA_1", "SysUrbanismoAdmin", "2023-05-25");
INSERT INTO alc_urb_tramite_flujo (tramite_nombre_corto, estado_nombre_corto, nombre_cliente, tenant, created_by, creation_date) VALUES ("APR_PLA_VER", "DIR_URB", "MIGUEL_GUTIERREZ", "EMPRESA_1", "SysUrbanismoAdmin", "2023-05-24");
INSERT INTO alc_urb_tramite_flujo (tramite_nombre_corto, estado_nombre_corto, nombre_cliente, tenant, created_by, creation_date) VALUES ("APR_PLA_VER", "SMP", "EDWIN_MONTES", "EMPRESA_1", "SysUrbanismoAdmin", "2023-05-26");
INSERT INTO alc_urb_tramite_flujo (tramite_nombre_corto, estado_nombre_corto, nombre_cliente, tenant, created_by, creation_date) VALUES ("APR_PLA_VER", "ABO_URB", "ALFONSO_ORIHUELA", "EMPRESA_1", "SysUrbanismoAdmin", "2023-05-25");
INSERT INTO alc_urb_tramite_flujo (tramite_nombre_corto, estado_nombre_corto, nombre_cliente, tenant, created_by, creation_date) VALUES ("APR_PLA_VER", "TOPO", "RICARDO_VILLAFAN", "EMPRESA_1", "SysUrbanismoAdmin", "2023-05-24");
INSERT INTO alc_urb_tramite_flujo (tramite_nombre_corto, estado_nombre_corto, nombre_cliente, tenant, created_by, creation_date) VALUES ("APR_PLA_VER", "ARQ_URB", "rseveric", "EMPRESA_1", "SysUrbanismoAdmin", "2023-05-26");
INSERT INTO alc_urb_tramite_flujo (tramite_nombre_corto, estado_nombre_corto, nombre_cliente, tenant, created_by, creation_date) VALUES ("APR_PLA_VER", "CAJA", "cluza", "EMPRESA_1", "SysUrbanismoAdmin", "2023-05-25");
INSERT INTO alc_urb_tramite_flujo (tramite_nombre_corto, estado_nombre_corto, nombre_cliente, tenant, created_by, creation_date) VALUES ("APR_PLA_VER", "DIR_URB", "mjacson", "EMPRESA_1", "SysUrbanismoAdmin", "2023-05-24");
INSERT INTO alc_urb_tramite_flujo (tramite_nombre_corto, estado_nombre_corto, nombre_cliente, tenant, created_by, creation_date) VALUES ("APR_PLA_VER", "SMP", "cgarcia", "EMPRESA_1", "SysUrbanismoAdmin", "2023-05-26");
INSERT INTO alc_urb_tramite_flujo (tramite_nombre_corto, estado_nombre_corto, nombre_cliente, tenant, created_by, creation_date) VALUES ("APR_PLA_CON_VIV", "ABO_URB", "mrodrigo", "EMPRESA_1", "SysUrbanismoAdmin", "2023-05-26");
INSERT INTO alc_urb_tramite_flujo (tramite_nombre_corto, estado_nombre_corto, nombre_cliente, tenant, created_by, creation_date) VALUES ("APR_PLA_CON_VIV", "TOPO", "client", "EMPRESA_1", "SysUrbanismoAdmin", "2023-05-26");
INSERT INTO alc_urb_tramite_flujo (tramite_nombre_corto, estado_nombre_corto, nombre_cliente, tenant, created_by, creation_date) VALUES ("APR_PLA_CON_VIV", "ARQ_URB", "mmorriz", "EMPRESA_1", "SysUrbanismoAdmin", "2023-05-26");
INSERT INTO alc_urb_tramite_flujo (tramite_nombre_corto, estado_nombre_corto, nombre_cliente, tenant, created_by, creation_date) VALUES ("APR_PLA_CON_VIV", "CAJA", "rharris", "EMPRESA_1", "SysUrbanismoAdmin", "2023-05-26");
INSERT INTO alc_urb_tramite_flujo (tramite_nombre_corto, estado_nombre_corto, nombre_cliente, tenant, created_by, creation_date) VALUES ("APR_PLA_CON_VIV", "DIR_URB", "aflorez", "EMPRESA_1", "SysUrbanismoAdmin", "2023-05-26");
INSERT INTO alc_urb_tramite_flujo (tramite_nombre_corto, estado_nombre_corto, nombre_cliente, tenant, created_by, creation_date) VALUES ("APR_PLA_CON_VIV", "SMP", "lzimpson", "EMPRESA_1", "SysUrbanismoAdmin", "2023-05-26");
INSERT INTO alc_urb_tramite_flujo (tramite_nombre_corto, estado_nombre_corto, nombre_cliente, tenant, created_by, creation_date) VALUES ("APR_PLA_CON_VIV", "ABO_URB", "iortega", "EMPRESA_1", "SysUrbanismoAdmin", "2023-05-26");
INSERT INTO alc_urb_tramite_flujo (tramite_nombre_corto, estado_nombre_corto, nombre_cliente, tenant, created_by, creation_date) VALUES ("APR_PLA_CON_VIV", "TOPO", "esyler", "EMPRESA_1", "SysUrbanismoAdmin", "2023-05-26");
INSERT INTO alc_urb_tramite_flujo (tramite_nombre_corto, estado_nombre_corto, nombre_cliente, tenant, created_by, creation_date) VALUES ("APR_PLA_CON_VIV", "ARQ_URB", "mbros2", "EMPRESA_1", "SysUrbanismoAdmin", "2023-05-26");
INSERT INTO alc_urb_tramite_flujo (tramite_nombre_corto, estado_nombre_corto, nombre_cliente, tenant, created_by, creation_date) VALUES ("APR_PLA_CON_VIV", "CAJA", "mbros1", "EMPRESA_1", "SysUrbanismoAdmin", "2023-05-26");
INSERT INTO alc_urb_tramite_flujo (tramite_nombre_corto, estado_nombre_corto, nombre_cliente, tenant, created_by, creation_date) VALUES ("LEG_TEC_EDI", "DIR_URB", "mariel", "EMPRESA_1", "SysUrbanismoAdmin", "2023-05-26");
INSERT INTO alc_urb_tramite_flujo (tramite_nombre_corto, estado_nombre_corto, nombre_cliente, tenant, created_by, creation_date) VALUES ("LEG_TEC_EDI", "SMP", "mreyes", "EMPRESA_1", "SysUrbanismoAdmin", "2023-05-26");
INSERT INTO alc_urb_tramite_flujo (tramite_nombre_corto, estado_nombre_corto, nombre_cliente, tenant, created_by, creation_date) VALUES ("LEG_TEC_EDI", "ABO_URB", "icruz", "EMPRESA_1", "SysUrbanismoAdmin", "2023-05-26");
INSERT INTO alc_urb_tramite_flujo (tramite_nombre_corto, estado_nombre_corto, nombre_cliente, tenant, created_by, creation_date) VALUES ("LEG_TEC_EDI", "TOPO", "dvera", "EMPRESA_1", "SysUrbanismoAdmin", "2023-05-26");
INSERT INTO alc_urb_tramite_flujo (tramite_nombre_corto, estado_nombre_corto, nombre_cliente, tenant, created_by, creation_date) VALUES ("LEG_TEC_EDI", "ARQ_URB", "nasa", "EMPRESA_1", "SysUrbanismoAdmin", "2023-05-26");
INSERT INTO alc_urb_tramite_flujo (tramite_nombre_corto, estado_nombre_corto, nombre_cliente, tenant, created_by, creation_date) VALUES ("LEG_TEC_EDI", "CAJA", "micky", "EMPRESA_1", "SysUrbanismoAdmin", "2023-05-26");
INSERT INTO alc_urb_tramite_flujo (tramite_nombre_corto, estado_nombre_corto, nombre_cliente, tenant, created_by, creation_date) VALUES ("LEG_TEC_EDI", "DIR_URB", "MateoRodriguez", "EMPRESA_1", "SysUrbanismoAdmin", "2023-05-26");
INSERT INTO alc_urb_tramite_flujo (tramite_nombre_corto, estado_nombre_corto, nombre_cliente, tenant, created_by, creation_date) VALUES ("LEG_TEC_EDI", "SMP", "DanielCruz", "EMPRESA_1", "SysUrbanismoAdmin", "2023-05-26");
INSERT INTO alc_urb_tramite_flujo (tramite_nombre_corto, estado_nombre_corto, nombre_cliente, tenant, created_by, creation_date) VALUES ("LEG_TEC_EDI", "DIR_URB", "PabloSanchez", "EMPRESA_1", "SysUrbanismoAdmin", "2023-05-26");
INSERT INTO alc_urb_tramite_flujo (tramite_nombre_corto, estado_nombre_corto, nombre_cliente, tenant, created_by, creation_date) VALUES ("LEG_TEC_EDI", "SMP", "ValentinaLaverde", "EMPRESA_1", "SysUrbanismoAdmin", "2023-05-26");

-- ALC-URB-TRAMITE-FLUJO-REQUISITOS
INSERT INTO alc_urb_tramite_flujo_requisitos (id_tramite_flujo, requisito_nombre_corto, estado, tenant, created_by, creation_date) VALUES ((select id from alc_urb_tramite_flujo where nombre_cliente='ADRIANA_HERNANDEZ'), "MEMO_SOLI", "CUMPLIDO", "EMPRESA_1", "SysUrbanismoAdmin", "2023-05-26");
INSERT INTO alc_urb_tramite_flujo_requisitos (id_tramite_flujo, requisito_nombre_corto, estado, tenant, created_by, creation_date) VALUES ((select id from alc_urb_tramite_flujo where nombre_cliente='ADRIANA_SANCHEZ'), "TITU_PROP", "CUMPLIDO", "EMPRESA_1", "SysUrbanismoAdmin", "2023-05-26");
INSERT INTO alc_urb_tramite_flujo_requisitos (id_tramite_flujo, requisito_nombre_corto, estado, tenant, created_by, creation_date) VALUES ((select id from alc_urb_tramite_flujo where nombre_cliente='ALEJANDRO_ABONDANO'), "CEDU_IDEN", "CUMPLIDO", "EMPRESA_1", "SysUrbanismoAdmin", "2023-05-26");
INSERT INTO alc_urb_tramite_flujo_requisitos (id_tramite_flujo, requisito_nombre_corto, estado, tenant, created_by, creation_date) VALUES ((select id from alc_urb_tramite_flujo where nombre_cliente='ALEXANDER_CARVAJAL'), "COMP_PAGO", "CUMPLIDO", "EMPRESA_1", "SysUrbanismoAdmin", "2023-05-26");
INSERT INTO alc_urb_tramite_flujo_requisitos (id_tramite_flujo, requisito_nombre_corto, estado, tenant, created_by, creation_date) VALUES ((select id from alc_urb_tramite_flujo where nombre_cliente='ANDRES_VILLA'), "PLAN_LOTE", "CUMPLIDO", "EMPRESA_1", "SysUrbanismoAdmin", "2023-05-26");
INSERT INTO alc_urb_tramite_flujo_requisitos (id_tramite_flujo, requisito_nombre_corto, estado, tenant, created_by, creation_date) VALUES ((select id from alc_urb_tramite_flujo where nombre_cliente='CAMILO_VILLAMIZAR'), "MEMO_SOLI", "CUMPLIDO", "EMPRESA_1", "SysUrbanismoAdmin", "2023-05-26");
INSERT INTO alc_urb_tramite_flujo_requisitos (id_tramite_flujo, requisito_nombre_corto, estado, tenant, created_by, creation_date) VALUES ((select id from alc_urb_tramite_flujo where nombre_cliente='ALEJANDRO_FORERO'), "TITU_PROP", "CUMPLIDO", "EMPRESA_1", "SysUrbanismoAdmin", "2023-05-26");
INSERT INTO alc_urb_tramite_flujo_requisitos (id_tramite_flujo, requisito_nombre_corto, estado, tenant, created_by, creation_date) VALUES ((select id from alc_urb_tramite_flujo where nombre_cliente='GABRIEL_BUSTOS'), "CEDU_IDEN", "CUMPLIDO", "EMPRESA_1", "SysUrbanismoAdmin", "2023-05-26");
INSERT INTO alc_urb_tramite_flujo_requisitos (id_tramite_flujo, requisito_nombre_corto, estado, tenant, created_by, creation_date) VALUES ((select id from alc_urb_tramite_flujo where nombre_cliente='ESTEBAN_BOTERO'), "COMP_PAGO", "CUMPLIDO", "EMPRESA_1", "SysUrbanismoAdmin", "2023-05-26");
INSERT INTO alc_urb_tramite_flujo_requisitos (id_tramite_flujo, requisito_nombre_corto, estado, tenant, created_by, creation_date) VALUES ((select id from alc_urb_tramite_flujo where nombre_cliente='MARIO_OROZCO'), "PLAN_LOTE", "CUMPLIDO", "EMPRESA_1", "SysUrbanismoAdmin", "2023-05-26");
INSERT INTO alc_urb_tramite_flujo_requisitos (id_tramite_flujo, requisito_nombre_corto, estado, tenant, created_by, creation_date) VALUES ((select id from alc_urb_tramite_flujo where nombre_cliente='GUILLERMO_ZUBIETA'), "PLA_DIR", "CUMPLIDO", "EMPRESA_1", "SysUrbanismoAdmin", "2023-05-26");
INSERT INTO alc_urb_tramite_flujo_requisitos (id_tramite_flujo, requisito_nombre_corto, estado, tenant, created_by, creation_date) VALUES ((select id from alc_urb_tramite_flujo where nombre_cliente='RICARDO_ZAMBRANO'), "MAT_ACT", "CUMPLIDO", "EMPRESA_1", "SysUrbanismoAdmin", "2023-05-26");
INSERT INTO alc_urb_tramite_flujo_requisitos (id_tramite_flujo, requisito_nombre_corto, estado, tenant, created_by, creation_date) VALUES ((select id from alc_urb_tramite_flujo where nombre_cliente='JOSE_GARCIA'), "APR_ORI", "CUMPLIDO", "EMPRESA_1", "SysUrbanismoAdmin", "2023-05-26");
INSERT INTO alc_urb_tramite_flujo_requisitos (id_tramite_flujo, requisito_nombre_corto, estado, tenant, created_by, creation_date) VALUES ((select id from alc_urb_tramite_flujo where nombre_cliente='LEONARDO_DUENAS'), "FRA_PRE", "CUMPLIDO", "EMPRESA_1", "SysUrbanismoAdmin", "2023-05-26");
INSERT INTO alc_urb_tramite_flujo_requisitos (id_tramite_flujo, requisito_nombre_corto, estado, tenant, created_by, creation_date) VALUES ((select id from alc_urb_tramite_flujo where nombre_cliente='YIRIAM_OCHOA'), "CUM_REQ", "CUMPLIDO", "EMPRESA_1", "SysUrbanismoAdmin", "2023-05-26");
INSERT INTO alc_urb_tramite_flujo_requisitos (id_tramite_flujo, requisito_nombre_corto, estado, tenant, created_by, creation_date) VALUES ((select id from alc_urb_tramite_flujo where nombre_cliente='YURANY_MENDEZ'), "PLA_DIR", "CUMPLIDO", "EMPRESA_1", "SysUrbanismoAdmin", "2023-05-26");
INSERT INTO alc_urb_tramite_flujo_requisitos (id_tramite_flujo, requisito_nombre_corto, estado, tenant, created_by, creation_date) VALUES ((select id from alc_urb_tramite_flujo where nombre_cliente='NATALIA_CONTRERAS'), "MAT_ACT", "CUMPLIDO", "EMPRESA_1", "SysUrbanismoAdmin", "2023-05-26");
INSERT INTO alc_urb_tramite_flujo_requisitos (id_tramite_flujo, requisito_nombre_corto, estado, tenant, created_by, creation_date) VALUES ((select id from alc_urb_tramite_flujo where nombre_cliente='ANDREA_VELASCO'), "APR_ORI", "CUMPLIDO", "EMPRESA_1", "SysUrbanismoAdmin", "2023-05-26");
INSERT INTO alc_urb_tramite_flujo_requisitos (id_tramite_flujo, requisito_nombre_corto, estado, tenant, created_by, creation_date) VALUES ((select id from alc_urb_tramite_flujo where nombre_cliente='MARIANA_SANTOS'), "FRA_PRE", "CUMPLIDO", "EMPRESA_1", "SysUrbanismoAdmin", "2023-05-26");
INSERT INTO alc_urb_tramite_flujo_requisitos (id_tramite_flujo, requisito_nombre_corto, estado, tenant, created_by, creation_date) VALUES ((select id from alc_urb_tramite_flujo where nombre_cliente='MARIA_MORENO'), "CUM_REQ", "CUMPLIDO", "EMPRESA_1", "SysUrbanismoAdmin", "2023-05-26");
INSERT INTO alc_urb_tramite_flujo_requisitos (id_tramite_flujo, requisito_nombre_corto, estado, tenant, created_by, creation_date) VALUES ((select id from alc_urb_tramite_flujo where nombre_cliente='MARCELA_RUEDA'), "VISA_MIN", "CUMPLIDO", "EMPRESA_1", "SysUrbanismoAdmin", "2023-05-26");
INSERT INTO alc_urb_tramite_flujo_requisitos (id_tramite_flujo, requisito_nombre_corto, estado, tenant, created_by, creation_date) VALUES ((select id from alc_urb_tramite_flujo where nombre_cliente='LISETH_VILLAMIL'), "ORIG_COM", "CUMPLIDO", "EMPRESA_1", "SysUrbanismoAdmin", "2023-05-26");
INSERT INTO alc_urb_tramite_flujo_requisitos (id_tramite_flujo, requisito_nombre_corto, estado, tenant, created_by, creation_date) VALUES ((select id from alc_urb_tramite_flujo where nombre_cliente='TATIANA_SIERRA'), "ESCR_PUB", "CUMPLIDO", "EMPRESA_1", "SysUrbanismoAdmin", "2023-05-26");
INSERT INTO alc_urb_tramite_flujo_requisitos (id_tramite_flujo, requisito_nombre_corto, estado, tenant, created_by, creation_date) VALUES ((select id from alc_urb_tramite_flujo where nombre_cliente='LAURA_AYERBE'), "RESO_TEC", "CUMPLIDO", "EMPRESA_1", "SysUrbanismoAdmin", "2023-05-26");
INSERT INTO alc_urb_tramite_flujo_requisitos (id_tramite_flujo, requisito_nombre_corto, estado, tenant, created_by, creation_date) VALUES ((select id from alc_urb_tramite_flujo where nombre_cliente='LINA_RAMIREZ'), "MINU_FOT", "CUMPLIDO", "EMPRESA_1", "SysUrbanismoAdmin", "2023-05-26");
INSERT INTO alc_urb_tramite_flujo_requisitos (id_tramite_flujo, requisito_nombre_corto, estado, tenant, created_by, creation_date) VALUES ((select id from alc_urb_tramite_flujo where nombre_cliente='ABRAHAM_ALANDIA'), "IDEN_INT", "CUMPLIDO", "EMPRESA_1", "SysUrbanismoAdmin", "2023-05-26");
INSERT INTO alc_urb_tramite_flujo_requisitos (id_tramite_flujo, requisito_nombre_corto, estado, tenant, created_by, creation_date) VALUES ((select id from alc_urb_tramite_flujo where nombre_cliente='HUGO_ROJAS'), "PAGO_IMP", "CUMPLIDO", "EMPRESA_1", "SysUrbanismoAdmin", "2023-05-26");
INSERT INTO alc_urb_tramite_flujo_requisitos (id_tramite_flujo, requisito_nombre_corto, estado, tenant, created_by, creation_date) VALUES ((select id from alc_urb_tramite_flujo where nombre_cliente='REYNALDO_SEGALES'), "INSC_CATA", "CUMPLIDO", "EMPRESA_1", "SysUrbanismoAdmin", "2023-05-26");
INSERT INTO alc_urb_tramite_flujo_requisitos (id_tramite_flujo, requisito_nombre_corto, estado, tenant, created_by, creation_date) VALUES ((select id from alc_urb_tramite_flujo where nombre_cliente='EDDY_RIVERO'), "PLAN_APROB", "CUMPLIDO", "EMPRESA_1", "SysUrbanismoAdmin", "2023-05-26");
INSERT INTO alc_urb_tramite_flujo_requisitos (id_tramite_flujo, requisito_nombre_corto, estado, tenant, created_by, creation_date) VALUES ((select id from alc_urb_tramite_flujo where nombre_cliente='ALFONSO_VILLAVICENCIO'), "COS_64", "CUMPLIDO", "EMPRESA_1", "SysUrbanismoAdmin", "2023-05-26");
INSERT INTO alc_urb_tramite_flujo_requisitos (id_tramite_flujo, requisito_nombre_corto, estado, tenant, created_by, creation_date) VALUES ((select id from alc_urb_tramite_flujo where nombre_cliente='PEDRO_MONTOYA'), "MEMOR_SOLI", "CUMPLIDO", "EMPRESA_1", "SysUrbanismoAdmin", "2023-05-26");
INSERT INTO alc_urb_tramite_flujo_requisitos (id_tramite_flujo, requisito_nombre_corto, estado, tenant, created_by, creation_date) VALUES ((select id from alc_urb_tramite_flujo where nombre_cliente='ROBERTO_BLADES'), "TITUL_PRO", "CUMPLIDO", "EMPRESA_1", "SysUrbanismoAdmin", "2023-05-26");
INSERT INTO alc_urb_tramite_flujo_requisitos (id_tramite_flujo, requisito_nombre_corto, estado, tenant, created_by, creation_date) VALUES ((select id from alc_urb_tramite_flujo where nombre_cliente='LUIS_VERA'), "INSCR_CAT", "CUMPLIDO", "EMPRESA_1", "SysUrbanismoAdmin", "2023-05-26");
INSERT INTO alc_urb_tramite_flujo_requisitos (id_tramite_flujo, requisito_nombre_corto, estado, tenant, created_by, creation_date) VALUES ((select id from alc_urb_tramite_flujo where nombre_cliente='MARCELO_ESTRADA'), "PLANO_LOTE", "CUMPLIDO", "EMPRESA_1", "SysUrbanismoAdmin", "2023-05-26");
INSERT INTO alc_urb_tramite_flujo_requisitos (id_tramite_flujo, requisito_nombre_corto, estado, tenant, created_by, creation_date) VALUES ((select id from alc_urb_tramite_flujo where nombre_cliente='FERNANDO_ARAMBURO'), "COS_49", "CUMPLIDO", "EMPRESA_1", "SysUrbanismoAdmin", "2023-05-26");
INSERT INTO alc_urb_tramite_flujo_requisitos (id_tramite_flujo, requisito_nombre_corto, estado, tenant, created_by, creation_date) VALUES ((select id from alc_urb_tramite_flujo where nombre_cliente='ALBERTO_LOPEZ'), "MEMOR_SOLI", "CUMPLIDO", "EMPRESA_1", "SysUrbanismoAdmin", "2023-05-26");
INSERT INTO alc_urb_tramite_flujo_requisitos (id_tramite_flujo, requisito_nombre_corto, estado, tenant, created_by, creation_date) VALUES ((select id from alc_urb_tramite_flujo where nombre_cliente='LOURDES_ZEGALES'), "TITUL_PRO", "CUMPLIDO", "EMPRESA_1", "SysUrbanismoAdmin", "2023-05-26");
INSERT INTO alc_urb_tramite_flujo_requisitos (id_tramite_flujo, requisito_nombre_corto, estado, tenant, created_by, creation_date) VALUES ((select id from alc_urb_tramite_flujo where nombre_cliente='CAROL_VARGAS'), "INSCR_CAT", "CUMPLIDO", "EMPRESA_1", "SysUrbanismoAdmin", "2023-05-26");
INSERT INTO alc_urb_tramite_flujo_requisitos (id_tramite_flujo, requisito_nombre_corto, estado, tenant, created_by, creation_date) VALUES ((select id from alc_urb_tramite_flujo where nombre_cliente='JUDITH_LOAYZA'), "PLANO_LOTE", "CUMPLIDO", "EMPRESA_1", "SysUrbanismoAdmin", "2023-05-26");
INSERT INTO alc_urb_tramite_flujo_requisitos (id_tramite_flujo, requisito_nombre_corto, estado, tenant, created_by, creation_date) VALUES ((select id from alc_urb_tramite_flujo where nombre_cliente='ALICIA_CHAMBI'), "COS_49", "CUMPLIDO", "EMPRESA_1", "SysUrbanismoAdmin", "2023-05-26");
INSERT INTO alc_urb_tramite_flujo_requisitos (id_tramite_flujo, requisito_nombre_corto, estado, tenant, created_by, creation_date) VALUES ((select id from alc_urb_tramite_flujo where nombre_cliente='ALEJANDRO_AGUILAR'), "MEM_ACL", "CUMPLIDO", "EMPRESA_1", "SysUrbanismoAdmin", "2023-05-26");
INSERT INTO alc_urb_tramite_flujo_requisitos (id_tramite_flujo, requisito_nombre_corto, estado, tenant, created_by, creation_date) VALUES ((select id from alc_urb_tramite_flujo where nombre_cliente='LUIS_ROSSEL'), "FOT_LEGA", "CUMPLIDO", "EMPRESA_1", "SysUrbanismoAdmin", "2023-05-26");
INSERT INTO alc_urb_tramite_flujo_requisitos (id_tramite_flujo, requisito_nombre_corto, estado, tenant, created_by, creation_date) VALUES ((select id from alc_urb_tramite_flujo where nombre_cliente='GUSTAVO_APARICIO'), "FOT_RESO", "CUMPLIDO", "EMPRESA_1", "SysUrbanismoAdmin", "2023-05-26");
INSERT INTO alc_urb_tramite_flujo_requisitos (id_tramite_flujo, requisito_nombre_corto, estado, tenant, created_by, creation_date) VALUES ((select id from alc_urb_tramite_flujo where nombre_cliente='ADOLFO_ERGUETA'), "COM_PAGO", "CUMPLIDO", "EMPRESA_1", "SysUrbanismoAdmin", "2023-05-26");
INSERT INTO alc_urb_tramite_flujo_requisitos (id_tramite_flujo, requisito_nombre_corto, estado, tenant, created_by, creation_date) VALUES ((select id from alc_urb_tramite_flujo where nombre_cliente='FERNANDO_DEHEZA'), "COS_35", "CUMPLIDO", "EMPRESA_1", "SysUrbanismoAdmin", "2023-05-26");
INSERT INTO alc_urb_tramite_flujo_requisitos (id_tramite_flujo, requisito_nombre_corto, estado, tenant, created_by, creation_date) VALUES ((select id from alc_urb_tramite_flujo where nombre_cliente='RAMIRO_PINAYA'), "MEM_ACL", "CUMPLIDO", "EMPRESA_1", "SysUrbanismoAdmin", "2023-05-26");
INSERT INTO alc_urb_tramite_flujo_requisitos (id_tramite_flujo, requisito_nombre_corto, estado, tenant, created_by, creation_date) VALUES ((select id from alc_urb_tramite_flujo where nombre_cliente='MARCOS_CASTELLON'), "FOT_LEGA", "CUMPLIDO", "EMPRESA_1", "SysUrbanismoAdmin", "2023-05-26");
INSERT INTO alc_urb_tramite_flujo_requisitos (id_tramite_flujo, requisito_nombre_corto, estado, tenant, created_by, creation_date) VALUES ((select id from alc_urb_tramite_flujo where nombre_cliente='VERONICA_ZEBALLOS'), "FOT_RESO", "CUMPLIDO", "EMPRESA_1", "SysUrbanismoAdmin", "2023-05-26");
INSERT INTO alc_urb_tramite_flujo_requisitos (id_tramite_flujo, requisito_nombre_corto, estado, tenant, created_by, creation_date) VALUES ((select id from alc_urb_tramite_flujo where nombre_cliente='RAQUEL_CLAVIJO'), "COM_PAGO", "CUMPLIDO", "EMPRESA_1", "SysUrbanismoAdmin", "2023-05-26");
INSERT INTO alc_urb_tramite_flujo_requisitos (id_tramite_flujo, requisito_nombre_corto, estado, tenant, created_by, creation_date) VALUES ((select id from alc_urb_tramite_flujo where nombre_cliente='PATTY_CANAVIRI'), "COS_35", "CUMPLIDO", "EMPRESA_1", "SysUrbanismoAdmin", "2023-05-26");
INSERT INTO alc_urb_tramite_flujo_requisitos (id_tramite_flujo, requisito_nombre_corto, estado, tenant, created_by, creation_date) VALUES ((select id from alc_urb_tramite_flujo where nombre_cliente='FRANKLIN_TROCHE'), "CEDU_IDE", "CUMPLIDO", "EMPRESA_1", "SysUrbanismoAdmin", "2023-05-26");
INSERT INTO alc_urb_tramite_flujo_requisitos (id_tramite_flujo, requisito_nombre_corto, estado, tenant, created_by, creation_date) VALUES ((select id from alc_urb_tramite_flujo where nombre_cliente='MAURICIO_CLAVIJO'), "COMP_PAG", "CUMPLIDO", "EMPRESA_1", "SysUrbanismoAdmin", "2023-05-26");
INSERT INTO alc_urb_tramite_flujo_requisitos (id_tramite_flujo, requisito_nombre_corto, estado, tenant, created_by, creation_date) VALUES ((select id from alc_urb_tramite_flujo where nombre_cliente='MIGUEL_GUTIERREZ'), "CERT_CAT", "CUMPLIDO", "EMPRESA_1", "SysUrbanismoAdmin", "2023-05-26");
INSERT INTO alc_urb_tramite_flujo_requisitos (id_tramite_flujo, requisito_nombre_corto, estado, tenant, created_by, creation_date) VALUES ((select id from alc_urb_tramite_flujo where nombre_cliente='EDWIN_MONTES'), "PRE_ORI", "CUMPLIDO", "EMPRESA_1", "SysUrbanismoAdmin", "2023-05-26");
INSERT INTO alc_urb_tramite_flujo_requisitos (id_tramite_flujo, requisito_nombre_corto, estado, tenant, created_by, creation_date) VALUES ((select id from alc_urb_tramite_flujo where nombre_cliente='ALFONSO_ORIHUELA'), "COST_55", "CUMPLIDO", "EMPRESA_1", "SysUrbanismoAdmin", "2023-05-26");
INSERT INTO alc_urb_tramite_flujo_requisitos (id_tramite_flujo, requisito_nombre_corto, estado, tenant, created_by, creation_date) VALUES ((select id from alc_urb_tramite_flujo where nombre_cliente='RICARDO_VILLAFAN'), "CEDU_IDE", "CUMPLIDO", "EMPRESA_1", "SysUrbanismoAdmin", "2023-05-26");
INSERT INTO alc_urb_tramite_flujo_requisitos (id_tramite_flujo, requisito_nombre_corto, estado, tenant, created_by, creation_date) VALUES ((select id from alc_urb_tramite_flujo where nombre_cliente='rseveric'), "COMP_PAG", "CUMPLIDO", "EMPRESA_1", "SysUrbanismoAdmin", "2023-05-26");
INSERT INTO alc_urb_tramite_flujo_requisitos (id_tramite_flujo, requisito_nombre_corto, estado, tenant, created_by, creation_date) VALUES ((select id from alc_urb_tramite_flujo where nombre_cliente='cluza'), "CERT_CAT", "CUMPLIDO", "EMPRESA_1", "SysUrbanismoAdmin", "2023-05-26");
INSERT INTO alc_urb_tramite_flujo_requisitos (id_tramite_flujo, requisito_nombre_corto, estado, tenant, created_by, creation_date) VALUES ((select id from alc_urb_tramite_flujo where nombre_cliente='mjacson'), "PRE_ORI", "CUMPLIDO", "EMPRESA_1", "SysUrbanismoAdmin", "2023-05-26");
INSERT INTO alc_urb_tramite_flujo_requisitos (id_tramite_flujo, requisito_nombre_corto, estado, tenant, created_by, creation_date) VALUES ((select id from alc_urb_tramite_flujo where nombre_cliente='cgarcia'), "COST_55", "CUMPLIDO", "EMPRESA_1", "SysUrbanismoAdmin", "2023-05-26");
INSERT INTO alc_urb_tramite_flujo_requisitos (id_tramite_flujo, requisito_nombre_corto, estado, tenant, created_by, creation_date) VALUES ((select id from alc_urb_tramite_flujo where nombre_cliente='mrodrigo'), "MEM_APR", "CUMPLIDO", "EMPRESA_1", "SysUrbanismoAdmin", "2023-05-26");
INSERT INTO alc_urb_tramite_flujo_requisitos (id_tramite_flujo, requisito_nombre_corto, estado, tenant, created_by, creation_date) VALUES ((select id from alc_urb_tramite_flujo where nombre_cliente='client'), "TIT_REG", "CUMPLIDO", "EMPRESA_1", "SysUrbanismoAdmin", "2023-05-26");
INSERT INTO alc_urb_tramite_flujo_requisitos (id_tramite_flujo, requisito_nombre_corto, estado, tenant, created_by, creation_date) VALUES ((select id from alc_urb_tramite_flujo where nombre_cliente='mmorriz'), "CED_PRO", "CUMPLIDO", "EMPRESA_1", "SysUrbanismoAdmin", "2023-05-26");
INSERT INTO alc_urb_tramite_flujo_requisitos (id_tramite_flujo, requisito_nombre_corto, estado, tenant, created_by, creation_date) VALUES ((select id from alc_urb_tramite_flujo where nombre_cliente='rharris'), "COM_PAG", "CUMPLIDO", "EMPRESA_1", "SysUrbanismoAdmin", "2023-05-26");
INSERT INTO alc_urb_tramite_flujo_requisitos (id_tramite_flujo, requisito_nombre_corto, estado, tenant, created_by, creation_date) VALUES ((select id from alc_urb_tramite_flujo where nombre_cliente='aflorez'), "CER_NOM", "CUMPLIDO", "EMPRESA_1", "SysUrbanismoAdmin", "2023-05-26");
INSERT INTO alc_urb_tramite_flujo_requisitos (id_tramite_flujo, requisito_nombre_corto, estado, tenant, created_by, creation_date) VALUES ((select id from alc_urb_tramite_flujo where nombre_cliente='lzimpson'), "PLA_CON", "CUMPLIDO", "EMPRESA_1", "SysUrbanismoAdmin", "2023-05-26");
INSERT INTO alc_urb_tramite_flujo_requisitos (id_tramite_flujo, requisito_nombre_corto, estado, tenant, created_by, creation_date) VALUES ((select id from alc_urb_tramite_flujo where nombre_cliente='iortega'), "URB_FRA", "CUMPLIDO", "EMPRESA_1", "SysUrbanismoAdmin", "2023-05-26");
INSERT INTO alc_urb_tramite_flujo_requisitos (id_tramite_flujo, requisito_nombre_corto, estado, tenant, created_by, creation_date) VALUES ((select id from alc_urb_tramite_flujo where nombre_cliente='esyler'), "PLAN_ARCH", "CUMPLIDO", "EMPRESA_1", "SysUrbanismoAdmin", "2023-05-26");
INSERT INTO alc_urb_tramite_flujo_requisitos (id_tramite_flujo, requisito_nombre_corto, estado, tenant, created_by, creation_date) VALUES ((select id from alc_urb_tramite_flujo where nombre_cliente='mbros2'), "APRO_PODE", "CUMPLIDO", "EMPRESA_1", "SysUrbanismoAdmin", "2023-05-26");
INSERT INTO alc_urb_tramite_flujo_requisitos (id_tramite_flujo, requisito_nombre_corto, estado, tenant, created_by, creation_date) VALUES ((select id from alc_urb_tramite_flujo where nombre_cliente='mbros1'), "COS_55", "CUMPLIDO", "EMPRESA_1", "SysUrbanismoAdmin", "2023-05-26");
INSERT INTO alc_urb_tramite_flujo_requisitos (id_tramite_flujo, requisito_nombre_corto, estado, tenant, created_by, creation_date) VALUES ((select id from alc_urb_tramite_flujo where nombre_cliente='mariel'), "MEM_SOL", "CUMPLIDO", "EMPRESA_1", "SysUrbanismoAdmin", "2023-05-26");
INSERT INTO alc_urb_tramite_flujo_requisitos (id_tramite_flujo, requisito_nombre_corto, estado, tenant, created_by, creation_date) VALUES ((select id from alc_urb_tramite_flujo where nombre_cliente='mreyes'), "FOT_LEG", "CUMPLIDO", "EMPRESA_1", "SysUrbanismoAdmin", "2023-05-26");
INSERT INTO alc_urb_tramite_flujo_requisitos (id_tramite_flujo, requisito_nombre_corto, estado, tenant, created_by, creation_date) VALUES ((select id from alc_urb_tramite_flujo where nombre_cliente='icruz'), "POD_ORI", "CUMPLIDO", "EMPRESA_1", "SysUrbanismoAdmin", "2023-05-26");
INSERT INTO alc_urb_tramite_flujo_requisitos (id_tramite_flujo, requisito_nombre_corto, estado, tenant, created_by, creation_date) VALUES ((select id from alc_urb_tramite_flujo where nombre_cliente='dvera'), "FOT_LEGAL", "CUMPLIDO", "EMPRESA_1", "SysUrbanismoAdmin", "2023-05-26");
INSERT INTO alc_urb_tramite_flujo_requisitos (id_tramite_flujo, requisito_nombre_corto, estado, tenant, created_by, creation_date) VALUES ((select id from alc_urb_tramite_flujo where nombre_cliente='nasa'), "PLA_ARQ", "CUMPLIDO", "EMPRESA_1", "SysUrbanismoAdmin", "2023-05-26");
INSERT INTO alc_urb_tramite_flujo_requisitos (id_tramite_flujo, requisito_nombre_corto, estado, tenant, created_by, creation_date) VALUES ((select id from alc_urb_tramite_flujo where nombre_cliente='micky'), "FOT_SIM", "CUMPLIDO", "EMPRESA_1", "SysUrbanismoAdmin", "2023-05-26");
INSERT INTO alc_urb_tramite_flujo_requisitos (id_tramite_flujo, requisito_nombre_corto, estado, tenant, created_by, creation_date) VALUES ((select id from alc_urb_tramite_flujo where nombre_cliente='MateoRodriguez'), "CER_EST", "CUMPLIDO", "EMPRESA_1", "SysUrbanismoAdmin", "2023-05-26");
INSERT INTO alc_urb_tramite_flujo_requisitos (id_tramite_flujo, requisito_nombre_corto, estado, tenant, created_by, creation_date) VALUES ((select id from alc_urb_tramite_flujo where nombre_cliente='DanielCruz'), "FOT_PLA", "CUMPLIDO", "EMPRESA_1", "SysUrbanismoAdmin", "2023-05-26");
INSERT INTO alc_urb_tramite_flujo_requisitos (id_tramite_flujo, requisito_nombre_corto, estado, tenant, created_by, creation_date) VALUES ((select id from alc_urb_tramite_flujo where nombre_cliente='PabloSanchez'), "FOL_MUN", "CUMPLIDO", "EMPRESA_1", "SysUrbanismoAdmin", "2023-05-26");
INSERT INTO alc_urb_tramite_flujo_requisitos (id_tramite_flujo, requisito_nombre_corto, estado, tenant, created_by, creation_date) VALUES ((select id from alc_urb_tramite_flujo where nombre_cliente='ValentinaLaverde'), "VAL_490", "CUMPLIDO", "EMPRESA_1", "SysUrbanismoAdmin", "2023-05-26");

-- ALC-URB-HISTORIAL
INSERT INTO alc_urb_historial (id_tramite_flujo, username, estado_anterior, estado_nuevo, tenant, created_by, creation_date) VALUES ((select id from alc_urb_tramite_flujo where nombre_cliente='ADRIANA_HERNANDEZ'), "SysUrbanismoAdmin", "ABO_URB", "TOPO", "EMPRESA_1", "SysUrbanismoAdmin", "2023-05-26");
INSERT INTO alc_urb_historial (id_tramite_flujo, username, estado_anterior, estado_nuevo, tenant, created_by, creation_date) VALUES ((select id from alc_urb_tramite_flujo where nombre_cliente='ADRIANA_SANCHEZ'), "SysUrbanismoAdmin", "TOPO", "ARQ_URB", "EMPRESA_1", "SysUrbanismoAdmin", "2023-05-25");
INSERT INTO alc_urb_historial (id_tramite_flujo, username, estado_anterior, estado_nuevo, tenant, created_by, creation_date) VALUES ((select id from alc_urb_tramite_flujo where nombre_cliente='ALEJANDRO_ABONDANO'), "SysUrbanismoAdmin", "ARQ_URB", "CAJA", "EMPRESA_1", "SysUrbanismoAdmin", "2023-05-24");
INSERT INTO alc_urb_historial (id_tramite_flujo, username, estado_anterior, estado_nuevo, tenant, created_by, creation_date) VALUES ((select id from alc_urb_tramite_flujo where nombre_cliente='ALEXANDER_CARVAJAL'), "SysUrbanismoAdmin", "CAJA", "ARQ_URB", "EMPRESA_1", "SysUrbanismoAdmin", "2023-05-26");
INSERT INTO alc_urb_historial (id_tramite_flujo, username, estado_anterior, estado_nuevo, tenant, created_by, creation_date) VALUES ((select id from alc_urb_tramite_flujo where nombre_cliente='ANDRES_VILLA'), "SysUrbanismoAdmin", "DIR_URB", "SMP", "EMPRESA_1", "SysUrbanismoAdmin", "2023-05-26");
INSERT INTO alc_urb_historial (id_tramite_flujo, username, estado_anterior, estado_nuevo, tenant, created_by, creation_date) VALUES ((select id from alc_urb_tramite_flujo where nombre_cliente='CAMILO_VILLAMIZAR'), "SysUrbanismoAdmin", "SMP", "DIR_URB", "EMPRESA_1", "SysUrbanismoAdmin", "2023-05-26");
INSERT INTO alc_urb_historial (id_tramite_flujo, username, estado_anterior, estado_nuevo, tenant, created_by, creation_date) VALUES ((select id from alc_urb_tramite_flujo where nombre_cliente='ALEJANDRO_FORERO'), "SysUrbanismoAdmin", "ABO_URB", "TOPO", "EMPRESA_1", "SysUrbanismoAdmin", "2023-05-25");
INSERT INTO alc_urb_historial (id_tramite_flujo, username, estado_anterior, estado_nuevo, tenant, created_by, creation_date) VALUES ((select id from alc_urb_tramite_flujo where nombre_cliente='GABRIEL_BUSTOS'), "SysUrbanismoAdmin", "TOPO", "ARQ_URB", "EMPRESA_1", "SysUrbanismoAdmin", "2023-05-26");
INSERT INTO alc_urb_historial (id_tramite_flujo, username, estado_anterior, estado_nuevo, tenant, created_by, creation_date) VALUES ((select id from alc_urb_tramite_flujo where nombre_cliente='ESTEBAN_BOTERO'), "SysUrbanismoAdmin", "ARQ_URB", "CAJA", "EMPRESA_1", "SysUrbanismoAdmin", "2023-05-24");
INSERT INTO alc_urb_historial (id_tramite_flujo, username, estado_anterior, estado_nuevo, tenant, created_by, creation_date) VALUES ((select id from alc_urb_tramite_flujo where nombre_cliente='MARIO_OROZCO'), "SysUrbanismoAdmin", "CAJA", "ARQ_URB", "EMPRESA_1", "SysUrbanismoAdmin", "2023-05-26");
INSERT INTO alc_urb_historial (id_tramite_flujo, username, estado_anterior, estado_nuevo, tenant, created_by, creation_date) VALUES ((select id from alc_urb_tramite_flujo where nombre_cliente='GUILLERMO_ZUBIETA'), "SysUrbanismoAdmin", "DIR_URB", "SMP", "EMPRESA_1", "SysUrbanismoAdmin", "2023-05-24");
INSERT INTO alc_urb_historial (id_tramite_flujo, username, estado_anterior, estado_nuevo, tenant, created_by, creation_date) VALUES ((select id from alc_urb_tramite_flujo where nombre_cliente='RICARDO_ZAMBRANO'), "SysUrbanismoAdmin", "SMP", "DIR_URB", "EMPRESA_1", "SysUrbanismoAdmin", "2023-05-26");
INSERT INTO alc_urb_historial (id_tramite_flujo, username, estado_anterior, estado_nuevo, tenant, created_by, creation_date) VALUES ((select id from alc_urb_tramite_flujo where nombre_cliente='JOSE_GARCIA'), "SysUrbanismoAdmin", "ABO_URB", "TOPO", "EMPRESA_1", "SysUrbanismoAdmin", "2023-05-26");
INSERT INTO alc_urb_historial (id_tramite_flujo, username, estado_anterior, estado_nuevo, tenant, created_by, creation_date) VALUES ((select id from alc_urb_tramite_flujo where nombre_cliente='LEONARDO_DUENAS'), "SysUrbanismoAdmin", "TOPO", "ARQ_URB", "EMPRESA_1", "SysUrbanismoAdmin", "2023-05-25");
INSERT INTO alc_urb_historial (id_tramite_flujo, username, estado_anterior, estado_nuevo, tenant, created_by, creation_date) VALUES ((select id from alc_urb_tramite_flujo where nombre_cliente='YIRIAM_OCHOA'), "SysUrbanismoAdmin", "ARQ_URB", "CAJA", "EMPRESA_1", "SysUrbanismoAdmin", "2023-05-26");
INSERT INTO alc_urb_historial (id_tramite_flujo, username, estado_anterior, estado_nuevo, tenant, created_by, creation_date) VALUES ((select id from alc_urb_tramite_flujo where nombre_cliente='YURANY_MENDEZ'), "SysUrbanismoAdmin", "CAJA", "ARQ_URB", "EMPRESA_1", "SysUrbanismoAdmin", "2023-05-26");
INSERT INTO alc_urb_historial (id_tramite_flujo, username, estado_anterior, estado_nuevo, tenant, created_by, creation_date) VALUES ((select id from alc_urb_tramite_flujo where nombre_cliente='NATALIA_CONTRERAS'), "SysUrbanismoAdmin", "DIR_URB", "SMP", "EMPRESA_1", "SysUrbanismoAdmin", "2023-05-25");
INSERT INTO alc_urb_historial (id_tramite_flujo, username, estado_anterior, estado_nuevo, tenant, created_by, creation_date) VALUES ((select id from alc_urb_tramite_flujo where nombre_cliente='ANDREA_VELASCO'), "SysUrbanismoAdmin", "SMP", "DIR_URB", "EMPRESA_1", "SysUrbanismoAdmin", "2023-05-26");
INSERT INTO alc_urb_historial (id_tramite_flujo, username, estado_anterior, estado_nuevo, tenant, created_by, creation_date) VALUES ((select id from alc_urb_tramite_flujo where nombre_cliente='MARIANA_SANTOS'), "SysUrbanismoAdmin", "ABO_URB", "TOPO", "EMPRESA_1", "SysUrbanismoAdmin", "2023-05-24");
INSERT INTO alc_urb_historial (id_tramite_flujo, username, estado_anterior, estado_nuevo, tenant, created_by, creation_date) VALUES ((select id from alc_urb_tramite_flujo where nombre_cliente='MARIA_MORENO'), "SysUrbanismoAdmin", "TOPO", "ARQ_URB", "EMPRESA_1", "SysUrbanismoAdmin", "2023-05-26");
INSERT INTO alc_urb_historial (id_tramite_flujo, username, estado_anterior, estado_nuevo, tenant, created_by, creation_date) VALUES ((select id from alc_urb_tramite_flujo where nombre_cliente='MARCELA_RUEDA'), "SysUrbanismoAdmin", "ARQ_URB", "CAJA", "EMPRESA_1", "SysUrbanismoAdmin", "2023-05-26");
INSERT INTO alc_urb_historial (id_tramite_flujo, username, estado_anterior, estado_nuevo, tenant, created_by, creation_date) VALUES ((select id from alc_urb_tramite_flujo where nombre_cliente='LISETH_VILLAMIL'), "SysUrbanismoAdmin", "CAJA", "ARQ_URB", "EMPRESA_1", "SysUrbanismoAdmin", "2023-05-25");
INSERT INTO alc_urb_historial (id_tramite_flujo, username, estado_anterior, estado_nuevo, tenant, created_by, creation_date) VALUES ((select id from alc_urb_tramite_flujo where nombre_cliente='TATIANA_SIERRA'), "SysUrbanismoAdmin", "DIR_URB", "SMP", "EMPRESA_1", "SysUrbanismoAdmin", "2023-05-26");
INSERT INTO alc_urb_historial (id_tramite_flujo, username, estado_anterior, estado_nuevo, tenant, created_by, creation_date) VALUES ((select id from alc_urb_tramite_flujo where nombre_cliente='LAURA_AYERBE'), "SysUrbanismoAdmin", "SMP", "DIR_URB", "EMPRESA_1", "SysUrbanismoAdmin", "2023-05-26");
INSERT INTO alc_urb_historial (id_tramite_flujo, username, estado_anterior, estado_nuevo, tenant, created_by, creation_date) VALUES ((select id from alc_urb_tramite_flujo where nombre_cliente='LINA_RAMIREZ'), "SysUrbanismoAdmin", "ABO_URB", "TOPO", "EMPRESA_1", "SysUrbanismoAdmin", "2023-05-26");
INSERT INTO alc_urb_historial (id_tramite_flujo, username, estado_anterior, estado_nuevo, tenant, created_by, creation_date) VALUES ((select id from alc_urb_tramite_flujo where nombre_cliente='ABRAHAM_ALANDIA'), "SysUrbanismoAdmin", "TOPO", "ARQ_URB", "EMPRESA_1", "SysUrbanismoAdmin", "2023-05-25");
INSERT INTO alc_urb_historial (id_tramite_flujo, username, estado_anterior, estado_nuevo, tenant, created_by, creation_date) VALUES ((select id from alc_urb_tramite_flujo where nombre_cliente='HUGO_ROJAS'), "SysUrbanismoAdmin", "ARQ_URB", "CAJA", "EMPRESA_1", "SysUrbanismoAdmin", "2023-05-26");
INSERT INTO alc_urb_historial (id_tramite_flujo, username, estado_anterior, estado_nuevo, tenant, created_by, creation_date) VALUES ((select id from alc_urb_tramite_flujo where nombre_cliente='REYNALDO_SEGALES'), "SysUrbanismoAdmin", "CAJA", "ARQ_URB", "EMPRESA_1", "SysUrbanismoAdmin", "2023-05-25");
INSERT INTO alc_urb_historial (id_tramite_flujo, username, estado_anterior, estado_nuevo, tenant, created_by, creation_date) VALUES ((select id from alc_urb_tramite_flujo where nombre_cliente='EDDY_RIVERO'), "SysUrbanismoAdmin", "DIR_URB", "SMP", "EMPRESA_1", "SysUrbanismoAdmin", "2023-05-26");
INSERT INTO alc_urb_historial (id_tramite_flujo, username, estado_anterior, estado_nuevo, tenant, created_by, creation_date) VALUES ((select id from alc_urb_tramite_flujo where nombre_cliente='ALFONSO_VILLAVICENCIO'), "SysUrbanismoAdmin", "SMP", "DIR_URB", "EMPRESA_1", "SysUrbanismoAdmin", "2023-05-24");
INSERT INTO alc_urb_historial (id_tramite_flujo, username, estado_anterior, estado_nuevo, tenant, created_by, creation_date) VALUES ((select id from alc_urb_tramite_flujo where nombre_cliente='PEDRO_MONTOYA'), "SysUrbanismoAdmin", "ABO_URB", "TOPO", "EMPRESA_1", "SysUrbanismoAdmin", "2023-05-25");
INSERT INTO alc_urb_historial (id_tramite_flujo, username, estado_anterior, estado_nuevo, tenant, created_by, creation_date) VALUES ((select id from alc_urb_tramite_flujo where nombre_cliente='ROBERTO_BLADES'), "SysUrbanismoAdmin", "TOPO", "ARQ_URB", "EMPRESA_1", "SysUrbanismoAdmin", "2023-05-24");
INSERT INTO alc_urb_historial (id_tramite_flujo, username, estado_anterior, estado_nuevo, tenant, created_by, creation_date) VALUES ((select id from alc_urb_tramite_flujo where nombre_cliente='LUIS_VERA'), "SysUrbanismoAdmin", "ARQ_URB", "CAJA", "EMPRESA_1", "SysUrbanismoAdmin", "2023-05-26");
INSERT INTO alc_urb_historial (id_tramite_flujo, username, estado_anterior, estado_nuevo, tenant, created_by, creation_date) VALUES ((select id from alc_urb_tramite_flujo where nombre_cliente='MARCELO_ESTRADA'), "SysUrbanismoAdmin", "CAJA", "ARQ_URB", "EMPRESA_1", "SysUrbanismoAdmin", "2023-05-23");
INSERT INTO alc_urb_historial (id_tramite_flujo, username, estado_anterior, estado_nuevo, tenant, created_by, creation_date) VALUES ((select id from alc_urb_tramite_flujo where nombre_cliente='FERNANDO_ARAMBURO'), "SysUrbanismoAdmin", "DIR_URB", "SMP", "EMPRESA_1", "SysUrbanismoAdmin", "2023-05-26");
INSERT INTO alc_urb_historial (id_tramite_flujo, username, estado_anterior, estado_nuevo, tenant, created_by, creation_date) VALUES ((select id from alc_urb_tramite_flujo where nombre_cliente='ALBERTO_LOPEZ'), "SysUrbanismoAdmin", "SMP", "DIR_URB", "EMPRESA_1", "SysUrbanismoAdmin", "2023-05-26");
INSERT INTO alc_urb_historial (id_tramite_flujo, username, estado_anterior, estado_nuevo, tenant, created_by, creation_date) VALUES ((select id from alc_urb_tramite_flujo where nombre_cliente='LOURDES_ZEGALES'), "SysUrbanismoAdmin", "ABO_URB", "TOPO", "EMPRESA_1", "SysUrbanismoAdmin", "2023-05-26");
INSERT INTO alc_urb_historial (id_tramite_flujo, username, estado_anterior, estado_nuevo, tenant, created_by, creation_date) VALUES ((select id from alc_urb_tramite_flujo where nombre_cliente='CAROL_VARGAS'), "SysUrbanismoAdmin", "TOPO", "ARQ_URB", "EMPRESA_1", "SysUrbanismoAdmin", "2023-05-26");
INSERT INTO alc_urb_historial (id_tramite_flujo, username, estado_anterior, estado_nuevo, tenant, created_by, creation_date) VALUES ((select id from alc_urb_tramite_flujo where nombre_cliente='JUDITH_LOAYZA'), "SysUrbanismoAdmin", "ARQ_URB", "CAJA", "EMPRESA_1", "SysUrbanismoAdmin", "2023-05-24");
INSERT INTO alc_urb_historial (id_tramite_flujo, username, estado_anterior, estado_nuevo, tenant, created_by, creation_date) VALUES ((select id from alc_urb_tramite_flujo where nombre_cliente='ALICIA_CHAMBI'), "SysUrbanismoAdmin", "CAJA", "ARQ_URB", "EMPRESA_1", "SysUrbanismoAdmin", "2023-05-26");
INSERT INTO alc_urb_historial (id_tramite_flujo, username, estado_anterior, estado_nuevo, tenant, created_by, creation_date) VALUES ((select id from alc_urb_tramite_flujo where nombre_cliente='ALEJANDRO_AGUILAR'), "SysUrbanismoAdmin", "DIR_URB", "SMP", "EMPRESA_1", "SysUrbanismoAdmin", "2023-05-24");
INSERT INTO alc_urb_historial (id_tramite_flujo, username, estado_anterior, estado_nuevo, tenant, created_by, creation_date) VALUES ((select id from alc_urb_tramite_flujo where nombre_cliente='LUIS_ROSSEL'), "SysUrbanismoAdmin", "SMP", "DIR_URB", "EMPRESA_1", "SysUrbanismoAdmin", "2023-05-26");
INSERT INTO alc_urb_historial (id_tramite_flujo, username, estado_anterior, estado_nuevo, tenant, created_by, creation_date) VALUES ((select id from alc_urb_tramite_flujo where nombre_cliente='GUSTAVO_APARICIO'), "SysUrbanismoAdmin", "ABO_URB", "TOPO", "EMPRESA_1", "SysUrbanismoAdmin", "2023-05-25");
INSERT INTO alc_urb_historial (id_tramite_flujo, username, estado_anterior, estado_nuevo, tenant, created_by, creation_date) VALUES ((select id from alc_urb_tramite_flujo where nombre_cliente='ADOLFO_ERGUETA'), "SysUrbanismoAdmin", "TOPO", "ARQ_URB", "EMPRESA_1", "SysUrbanismoAdmin", "2023-05-26");
INSERT INTO alc_urb_historial (id_tramite_flujo, username, estado_anterior, estado_nuevo, tenant, created_by, creation_date) VALUES ((select id from alc_urb_tramite_flujo where nombre_cliente='FERNANDO_DEHEZA'), "SysUrbanismoAdmin", "ARQ_URB", "CAJA", "EMPRESA_1", "SysUrbanismoAdmin", "2023-05-26");
INSERT INTO alc_urb_historial (id_tramite_flujo, username, estado_anterior, estado_nuevo, tenant, created_by, creation_date) VALUES ((select id from alc_urb_tramite_flujo where nombre_cliente='RAMIRO_PINAYA'), "SysUrbanismoAdmin", "CAJA", "ARQ_URB", "EMPRESA_1", "SysUrbanismoAdmin", "2023-05-26");
INSERT INTO alc_urb_historial (id_tramite_flujo, username, estado_anterior, estado_nuevo, tenant, created_by, creation_date) VALUES ((select id from alc_urb_tramite_flujo where nombre_cliente='MARCOS_CASTELLON'), "SysUrbanismoAdmin", "DIR_URB", "SMP", "EMPRESA_1", "SysUrbanismoAdmin", "2023-05-26");
INSERT INTO alc_urb_historial (id_tramite_flujo, username, estado_anterior, estado_nuevo, tenant, created_by, creation_date) VALUES ((select id from alc_urb_tramite_flujo where nombre_cliente='VERONICA_ZEBALLOS'), "SysUrbanismoAdmin", "SMP", "DIR_URB", "EMPRESA_1", "SysUrbanismoAdmin", "2023-05-24");
INSERT INTO alc_urb_historial (id_tramite_flujo, username, estado_anterior, estado_nuevo, tenant, created_by, creation_date) VALUES ((select id from alc_urb_tramite_flujo where nombre_cliente='RAQUEL_CLAVIJO'), "SysUrbanismoAdmin", "ABO_URB", "TOPO", "EMPRESA_1", "SysUrbanismoAdmin", "2023-05-26");
INSERT INTO alc_urb_historial (id_tramite_flujo, username, estado_anterior, estado_nuevo, tenant, created_by, creation_date) VALUES ((select id from alc_urb_tramite_flujo where nombre_cliente='PATTY_CANAVIRI'), "SysUrbanismoAdmin", "TOPO", "ARQ_URB", "EMPRESA_1", "SysUrbanismoAdmin", "2023-05-26");
INSERT INTO alc_urb_historial (id_tramite_flujo, username, estado_anterior, estado_nuevo, tenant, created_by, creation_date) VALUES ((select id from alc_urb_tramite_flujo where nombre_cliente='FRANKLIN_TROCHE'), "SysUrbanismoAdmin", "ARQ_URB", "CAJA", "EMPRESA_1", "SysUrbanismoAdmin", "2023-05-26");
INSERT INTO alc_urb_historial (id_tramite_flujo, username, estado_anterior, estado_nuevo, tenant, created_by, creation_date) VALUES ((select id from alc_urb_tramite_flujo where nombre_cliente='ALEXANDER_CARVAJAL'), "SysUrbanismoAdmin", "CAJA", "ARQ_URB", "EMPRESA_1", "SysUrbanismoAdmin", "2023-05-24");
INSERT INTO alc_urb_historial (id_tramite_flujo, username, estado_anterior, estado_nuevo, tenant, created_by, creation_date) VALUES ((select id from alc_urb_tramite_flujo where nombre_cliente='MAURICIO_CLAVIJO'), "SysUrbanismoAdmin", "DIR_URB", "SMP", "EMPRESA_1", "SysUrbanismoAdmin", "2023-05-26");
INSERT INTO alc_urb_historial (id_tramite_flujo, username, estado_anterior, estado_nuevo, tenant, created_by, creation_date) VALUES ((select id from alc_urb_tramite_flujo where nombre_cliente='MIGUEL_GUTIERREZ'), "SysUrbanismoAdmin", "SMP", "DIR_URB", "EMPRESA_1", "SysUrbanismoAdmin", "2023-05-26");
INSERT INTO alc_urb_historial (id_tramite_flujo, username, estado_anterior, estado_nuevo, tenant, created_by, creation_date) VALUES ((select id from alc_urb_tramite_flujo where nombre_cliente='EDWIN_MONTES'), "SysUrbanismoAdmin", "ABO_URB", "TOPO", "EMPRESA_1", "SysUrbanismoAdmin", "2023-05-26");
INSERT INTO alc_urb_historial (id_tramite_flujo, username, estado_anterior, estado_nuevo, tenant, created_by, creation_date) VALUES ((select id from alc_urb_tramite_flujo where nombre_cliente='ALFONSO_ORIHUELA'), "SysUrbanismoAdmin", "TOPO", "ARQ_URB", "EMPRESA_1", "SysUrbanismoAdmin", "2023-05-24");
INSERT INTO alc_urb_historial (id_tramite_flujo, username, estado_anterior, estado_nuevo, tenant, created_by, creation_date) VALUES ((select id from alc_urb_tramite_flujo where nombre_cliente='RICARDO_VILLAFAN'), "SysUrbanismoAdmin", "ARQ_URB", "CAJA", "EMPRESA_1", "SysUrbanismoAdmin", "2023-05-26");
INSERT INTO alc_urb_historial (id_tramite_flujo, username, estado_anterior, estado_nuevo, tenant, created_by, creation_date) VALUES ((select id from alc_urb_tramite_flujo where nombre_cliente='rseveric'), "SysUrbanismoAdmin", "CAJA", "ARQ_URB", "EMPRESA_1", "SysUrbanismoAdmin", "2023-05-26");
INSERT INTO alc_urb_historial (id_tramite_flujo, username, estado_anterior, estado_nuevo, tenant, created_by, creation_date) VALUES ((select id from alc_urb_tramite_flujo where nombre_cliente='cluza'), "SysUrbanismoAdmin", "DIR_URB", "SMP", "EMPRESA_1", "SysUrbanismoAdmin", "2023-05-26");
INSERT INTO alc_urb_historial (id_tramite_flujo, username, estado_anterior, estado_nuevo, tenant, created_by, creation_date) VALUES ((select id from alc_urb_tramite_flujo where nombre_cliente='mjacson'), "SysUrbanismoAdmin", "SMP", "DIR_URB", "EMPRESA_1", "SysUrbanismoAdmin", "2023-05-26");
INSERT INTO alc_urb_historial (id_tramite_flujo, username, estado_anterior, estado_nuevo, tenant, created_by, creation_date) VALUES ((select id from alc_urb_tramite_flujo where nombre_cliente='cgarcia'), "SysUrbanismoAdmin", "ABO_URB", "TOPO", "EMPRESA_1", "SysUrbanismoAdmin", "2023-05-22");
INSERT INTO alc_urb_historial (id_tramite_flujo, username, estado_anterior, estado_nuevo, tenant, created_by, creation_date) VALUES ((select id from alc_urb_tramite_flujo where nombre_cliente='mrodrigo'), "SysUrbanismoAdmin", "TOPO", "ARQ_URB", "EMPRESA_1", "SysUrbanismoAdmin", "2023-05-26");
INSERT INTO alc_urb_historial (id_tramite_flujo, username, estado_anterior, estado_nuevo, tenant, created_by, creation_date) VALUES ((select id from alc_urb_tramite_flujo where nombre_cliente='client'), "SysUrbanismoAdmin", "ARQ_URB", "CAJA", "EMPRESA_1", "SysUrbanismoAdmin", "2023-05-26");
INSERT INTO alc_urb_historial (id_tramite_flujo, username, estado_anterior, estado_nuevo, tenant, created_by, creation_date) VALUES ((select id from alc_urb_tramite_flujo where nombre_cliente='mmorriz'), "SysUrbanismoAdmin", "CAJA", "ARQ_URB", "EMPRESA_1", "SysUrbanismoAdmin", "2023-05-23");
INSERT INTO alc_urb_historial (id_tramite_flujo, username, estado_anterior, estado_nuevo, tenant, created_by, creation_date) VALUES ((select id from alc_urb_tramite_flujo where nombre_cliente='rharris'), "SysUrbanismoAdmin", "DIR_URB", "SMP", "EMPRESA_1", "SysUrbanismoAdmin", "2023-05-26");
INSERT INTO alc_urb_historial (id_tramite_flujo, username, estado_anterior, estado_nuevo, tenant, created_by, creation_date) VALUES ((select id from alc_urb_tramite_flujo where nombre_cliente='aflorez'), "SysUrbanismoAdmin", "SMP", "DIR_URB", "EMPRESA_1", "SysUrbanismoAdmin", "2023-05-26");
INSERT INTO alc_urb_historial (id_tramite_flujo, username, estado_anterior, estado_nuevo, tenant, created_by, creation_date) VALUES ((select id from alc_urb_tramite_flujo where nombre_cliente='lzimpson'), "SysUrbanismoAdmin", "ABO_URB", "TOPO", "EMPRESA_1", "SysUrbanismoAdmin", "2023-05-26");
INSERT INTO alc_urb_historial (id_tramite_flujo, username, estado_anterior, estado_nuevo, tenant, created_by, creation_date) VALUES ((select id from alc_urb_tramite_flujo where nombre_cliente='iortega'), "SysUrbanismoAdmin", "TOPO", "ARQ_URB", "EMPRESA_1", "SysUrbanismoAdmin", "2023-05-24");
INSERT INTO alc_urb_historial (id_tramite_flujo, username, estado_anterior, estado_nuevo, tenant, created_by, creation_date) VALUES ((select id from alc_urb_tramite_flujo where nombre_cliente='esyler'), "SysUrbanismoAdmin", "ARQ_URB", "CAJA", "EMPRESA_1", "SysUrbanismoAdmin", "2023-05-26");
INSERT INTO alc_urb_historial (id_tramite_flujo, username, estado_anterior, estado_nuevo, tenant, created_by, creation_date) VALUES ((select id from alc_urb_tramite_flujo where nombre_cliente='mbros2'), "SysUrbanismoAdmin", "CAJA", "ARQ_URB", "EMPRESA_1", "SysUrbanismoAdmin", "2023-05-26");
INSERT INTO alc_urb_historial (id_tramite_flujo, username, estado_anterior, estado_nuevo, tenant, created_by, creation_date) VALUES ((select id from alc_urb_tramite_flujo where nombre_cliente='mbros1'), "SysUrbanismoAdmin", "DIR_URB", "SMP", "EMPRESA_1", "SysUrbanismoAdmin", "2023-05-26");
INSERT INTO alc_urb_historial (id_tramite_flujo, username, estado_anterior, estado_nuevo, tenant, created_by, creation_date) VALUES ((select id from alc_urb_tramite_flujo where nombre_cliente='mariel'), "SysUrbanismoAdmin", "SMP", "DIR_URB", "EMPRESA_1", "SysUrbanismoAdmin", "2023-05-28");
INSERT INTO alc_urb_historial (id_tramite_flujo, username, estado_anterior, estado_nuevo, tenant, created_by, creation_date) VALUES ((select id from alc_urb_tramite_flujo where nombre_cliente='mreyes'), "SysUrbanismoAdmin", "ABO_URB", "TOPO", "EMPRESA_1", "SysUrbanismoAdmin", "2023-05-26");
INSERT INTO alc_urb_historial (id_tramite_flujo, username, estado_anterior, estado_nuevo, tenant, created_by, creation_date) VALUES ((select id from alc_urb_tramite_flujo where nombre_cliente='icruz'), "SysUrbanismoAdmin", "TOPO", "ARQ_URB", "EMPRESA_1", "SysUrbanismoAdmin", "2023-05-26");
INSERT INTO alc_urb_historial (id_tramite_flujo, username, estado_anterior, estado_nuevo, tenant, created_by, creation_date) VALUES ((select id from alc_urb_tramite_flujo where nombre_cliente='dvera'), "SysUrbanismoAdmin", "ARQ_URB", "CAJA", "EMPRESA_1", "SysUrbanismoAdmin", "2023-05-24");
INSERT INTO alc_urb_historial (id_tramite_flujo, username, estado_anterior, estado_nuevo, tenant, created_by, creation_date) VALUES ((select id from alc_urb_tramite_flujo where nombre_cliente='nasa'), "SysUrbanismoAdmin", "CAJA", "ARQ_URB", "EMPRESA_1", "SysUrbanismoAdmin", "2023-05-26");
INSERT INTO alc_urb_historial (id_tramite_flujo, username, estado_anterior, estado_nuevo, tenant, created_by, creation_date) VALUES ((select id from alc_urb_tramite_flujo where nombre_cliente='micky'), "SysUrbanismoAdmin", "DIR_URB", "SMP", "EMPRESA_1", "SysUrbanismoAdmin", "2023-05-26");
INSERT INTO alc_urb_historial (id_tramite_flujo, username, estado_anterior, estado_nuevo, tenant, created_by, creation_date) VALUES ((select id from alc_urb_tramite_flujo where nombre_cliente='MateoRodriguez'), "SysUrbanismoAdmin", "SMP", "DIR_URB", "EMPRESA_1", "SysUrbanismoAdmin", "2023-05-26");
INSERT INTO alc_urb_historial (id_tramite_flujo, username, estado_anterior, estado_nuevo, tenant, created_by, creation_date) VALUES ((select id from alc_urb_tramite_flujo where nombre_cliente='DanielCruz'), "SysUrbanismoAdmin", "ABO_URB", "TOPO", "EMPRESA_1", "SysUrbanismoAdmin", "2023-05-24");
INSERT INTO alc_urb_historial (id_tramite_flujo, username, estado_anterior, estado_nuevo, tenant, created_by, creation_date) VALUES ((select id from alc_urb_tramite_flujo where nombre_cliente='PabloSanchez'), "SysUrbanismoAdmin", "TOPO", "ARQ_URB", "EMPRESA_1", "SysUrbanismoAdmin", "2023-05-23");
INSERT INTO alc_urb_historial (id_tramite_flujo, username, estado_anterior, estado_nuevo, tenant, created_by, creation_date) VALUES ((select id from alc_urb_tramite_flujo where nombre_cliente='ValentinaLaverde '), "SysUrbanismoAdmin", "ARQ_URB", "CAJA", "EMPRESA_1", "SysUrbanismoAdmin", "2023-05-22");

