-- Insert data (Users).
INSERT INTO users (username, password, dni, name, second_name, last_name, second_last_name, birth_date, age, sex, occupation, telephone, address, email, active, image, email_verified) VALUES ("admin", "admin123", "0000000", "Admin", "Admin", "Admin", "Admin", "1990-01-01", 25, 'MALE', 'Ing. Informatico', "76479009", "Av. Villazon km-5", "Admin@gmail.com", true, null, false);
INSERT INTO users (username, password, dni, name, second_name, last_name, second_last_name, birth_date, age, sex, occupation, telephone, address, email, active, image, created_by, email_verified) VALUES ("adminhospital", "admin123", "111111787", "N/A", "adminhospital", "adminhospital", "adminhospital", "1990-10-10", 50, 'MALE', 'Admin Hospital', "76479666", "Av. B. Galindo", "adminhospital@gmail.com", true, null, "admin", false);
INSERT INTO users (username, password, dni, name, second_name, last_name, second_last_name, birth_date, age, sex, occupation, telephone, address, email, active, image, created_by, email_verified) VALUES ("doctor", "admin123", "466587777", "N/A", "doctor", "doctor", "doctor", "1990-10-10", 50, 'MALE', 'Medico General', "76487888", "Av. B. Galindo", "doctor@gmail.com", true, null, "admin", false);
INSERT INTO users (username, password, dni, name, second_name, last_name, second_last_name, birth_date, age, sex, occupation, telephone, address, email, active, image, created_by, email_verified) VALUES ("paciente", "admin123", "4548787", "N/A", "paciente", "paciente", "paciente", "1990-10-10", 50, 'MALE', 'Chef', "76487888", "Av. B. Galindo", "paciente@gmail.com", true, null, "admin", false);
INSERT INTO users (username, password, dni, name, second_name, last_name, second_last_name, birth_date, age, sex, occupation, telephone, address, email, active, image, created_by, email_verified) VALUES ("adminfichas", "admin123", "454878888", "N/A", "adminfichas", "adminfichas", "adminfichas", "1990-10-10", 50, 'MALE', 'Ing. Comercial', "76487888", "Av. B. Galindo", "paciente@gmail.com", true, null, "admin", false);
INSERT INTO users (username, password, dni, name, second_name, last_name, second_last_name, birth_date, age, sex, occupation, telephone, address, email, active, image, created_by, email_verified) VALUES ("adminsales", "admin123", "454879118", "N/A", "adminsales", "adminsales", "adminsales", "1990-10-10", 50, 'MALE', 'Ing. Mecanica', "76487888", "Av. B. Galindo", "adminsales@gmail.com", true, null, "admin", false);
INSERT INTO users (username, password, dni, name, second_name, last_name, second_last_name, birth_date, age, sex, occupation, telephone, address, email, active, image, created_by, email_verified) VALUES ("salesseller", "salesseller", "45511447", "N/A", "salesseller", "salesseller", "salesseller", "1990-10-10", 50, 'FEMALE', 'Ing. ventas', "76487888", "Av. B. Galindo", "salesseller@gmail.com", true, null, "admin", false);
INSERT INTO users (username, password, dni, name, second_name, last_name, second_last_name, birth_date, age, sex, occupation, telephone, address, email, active, image, created_by, email_verified) VALUES ("salesclient", "salesclient", "441188877", "N/A", "salesclient", "salesclient", "salesclient", "1990-10-10", 50, 'FEMALE', 'Empresaria', "76487888", "Av. B. Galindo", "salesclient@gmail.com", true, null, "admin", false);
INSERT INTO users (username, password, dni, name, second_name, last_name, second_last_name, birth_date, age, sex, occupation, telephone, address, email, active, image, created_by, email_verified) VALUES ("adminsalesrestaurant", "admin123", "59254455", "N/A", "adminsalesrestaurant", "adminsalesrestaurant", "adminsalesrestaurant", "1990-10-10", 50, 'MALE', 'Vendedor', "76478999", "Av. B. Galindo", "adminsalesrestaurant@gmail.com", true, null, "admin", false);
INSERT INTO users (username, password, dni, name, second_name, last_name, second_last_name, birth_date, age, sex, occupation, telephone, address, email, active, image, created_by, email_verified) VALUES ("rseveric", "secret123", "5928025", "Richard", "Michael", "Severich",  "Zuares", "1994-05-26", 25, 'MALE', 'Ing. Sistemas', "7008088", "Av. Blanco km-5", "Richard.Severich@gmail.com", true, null, "admin", false);
INSERT INTO users (username, password, dni, name, second_name, last_name, second_last_name, birth_date, age, sex, occupation, telephone, address, email, active, image, created_by, email_verified) VALUES ("cluza", "pass123",  "2365874", "Cory", "N/A", "Luza", "Ander", "1994-10-28", 28, 'MALE', 'Ing. Sistemas', "700684700", "Av. Rojo km-10", "Cory.Luza@gmail.com", true, null, "admin", false);
INSERT INTO users (username, password, dni, name, second_name, last_name, second_last_name, birth_date, age, sex, occupation, telephone, address, email, active, image, created_by, email_verified) VALUES ("mjacson", "secret255", "5123659", "Michael", "N/A", "Jackson", "Muller", "1984-02-15", 25, 'MALE', 'Ing. Sistemas', "74600788", "Av. Azul km-11", "Michael.Jackson@gmail.com", true, null, "admin", false);
INSERT INTO users (username, password, dni, name, second_name, last_name, second_last_name, birth_date, age, sex, occupation, telephone, address, email, active, image, created_by, email_verified) VALUES ("cgarcia", "secret987", "8475651", "Charly", "N/A", "Garcia", "Perez", "2000-12-13", 25, 'MALE', 'Ing. Sistemas', "74555505", "Av. Cafe km-5", "Charly.Garcia@gmail.com", true, null, "admin", false);
INSERT INTO users (username, password, dni, name, second_name, last_name, second_last_name, birth_date, age, sex, occupation, telephone, address, email, active, image, created_by, email_verified) VALUES ("mrodrigo", "secret654", "1236548", "Rodrigo", "N/A", "Molina", "Sastre", "1988-11-11", 80, 'MALE', 'Ing. Sistemas', "70065001", "Av. Muly km-5", "Rodrigo.Molina@gmail.com", true, null, "admin", false);
INSERT INTO users (username, password, dni, name, second_name, last_name, second_last_name, birth_date, age, sex, occupation, telephone, address, email, active, image, created_by, email_verified) VALUES ("client", "ins123", "0000001", "client", "N/A", "client", "client", "1990-01-01", 25, 'MALE', 'Ing. Logistica', "74644411", "Av. Castor", "client@gmail.com", true, null, "admin", false);
INSERT INTO users (username, password, dni, name, second_name, last_name, second_last_name, birth_date, age, sex, occupation, telephone, address, email, active, image, created_by, email_verified) VALUES ("mmorriz", "mela123", "8745698", "Rick", "N/A", "Morris", "Duni", "1997-06-02", 60, 'MALE', 'Medico General', "74677884455", "Av. Pulpo", "Rick.Morris@gmail.com", true, null, "admin", false);
INSERT INTO users (username, password, dni, name, second_name, last_name, second_last_name, birth_date, age, sex, occupation, telephone, address, email, active, image, created_by, email_verified) VALUES ("rharris", "kass889", "5236567", "Rick", "N/A", "Harrys", "Calvo", "1989-08-15", 25, 'MALE', 'Ing. Sistemas', "746778741", "Av. Mury", "Rick.Harrys@gmail.com", true, null, "admin", false);
INSERT INTO users (username, password, dni, name, second_name, last_name, second_last_name, birth_date, age, sex, occupation, telephone, address, email, active, image, created_by, email_verified) VALUES ("aflorez", "mula777", "7896321", "Andrea", "N/A", "Flores", "Rosas", "1997-07-06", 25, 'FEMALE', 'Ing. Electronica', "74633333", "Av. Curly", "Andrea.Flores@gmail.com", true, null, "admin", false);
INSERT INTO users (username, password, dni, name, second_name, last_name, second_last_name, birth_date, age, sex, occupation, telephone, address, email, active, image, created_by, email_verified) VALUES ("lzimpson", "cass222", "5928354", "Liza", "N/A", "Simpson", "Capry", "1992-03-18", 25, 'FEMALE', 'Lic. Matamaticas', "74874444", "Av. Sheeba", "Liza.Simpson@gmail.com", true, null, "admin", false);
INSERT INTO users (username, password, dni, name, second_name, last_name, second_last_name, birth_date, age, sex, occupation, telephone, address, email, active, image, created_by, email_verified) VALUES ("iortega", "upa4848", "2136545", "Iza", "N/A", "Ortega", "Mulry", "1995-05-27", 25, 'FEMALE', 'Contador', "777889787", "Av. Good", "Iza.Ortega@gmail.com", false, null, "admin", false);
INSERT INTO users (username, password, dni, name, second_name, last_name, second_last_name, birth_date, age, sex, occupation, telephone, address, email, active, image, created_by, email_verified) VALUES ("esyler", "vela778", "7812653", "Emily", "N/A", "Syler", "Kratos", "1996-04-03", 25, 'FEMALE', 'Ing. Comercial', "74622214", "Av. Bad", "Emily.Syler@gmail.com", false, null, "admin", false);
INSERT INTO users (username, password, dni, name, second_name, last_name, second_last_name, birth_date, age, sex, occupation, telephone, address, email, active, image, created_by, email_verified) VALUES ("mbros2",  "user555", "9814256","Mario", "N/A", "Bros", "Curva", "1999-08-08", 20, 'MALE', 'Ing. Civil', "74677777", "Av. Los angeles", "Mario.Bros@gmail.com", false, null, "admin", false);
INSERT INTO users (username, password, dni, name, second_name, last_name, second_last_name, birth_date, age, sex, occupation, telephone, address, email, active, image, created_by, email_verified) VALUES ("mbros1", "mela888", "6636666", "Mario", "N/A", "Mario","Bros", "1998-08-08", 25, 'MALE', 'Ing. Mecanica', "74699999", "Av. Cultivo", "Mario.Bros@gmail.com", false, null, "admin", false);
INSERT INTO users (username, password, dni, name, second_name, last_name, second_last_name, birth_date, age, sex, occupation, telephone, address, email, active, image, created_by, email_verified) VALUES ("mariel", "reyleon", "9825789", "Ariel", "N/A", "Moppu", "Arru", "1997-02-12", 40, 'MALE', 'Contaduria publica', "74684517", "Av. Mi pesadilla", "Ariel.Moppu@gmail.com", false, null, "admin", false);
INSERT INTO users (username, password, dni, name, second_name, last_name, second_last_name, birth_date, age, sex, occupation, telephone, address, email, active, image, created_by, email_verified) VALUES ("mreyes", "pass555", "9985501", "Manfred", "N/A", "Reyes",  "Villa", "1985-12-25", 25, 'MALE', 'Ing. Sistemas', "74451789", "Av. El escondite", "Manfred.Reyes@gmail.com", false, null, "admin", false);
INSERT INTO users (username, password, dni, name, second_name, last_name, second_last_name, birth_date, age, sex, occupation, telephone, address, email, active, image, created_by, email_verified) VALUES ("icruz", "mysecret", "9985502", "Igor", "N/A", "Cruz", "Loro", "1987-08-28", 45, 'MALE', 'Ing. Sistemas', "74684784", "Av. Gusanito", "Igor.Cruz@gmail.com", false, null, "admin", false);
INSERT INTO users (username, password, dni, name, second_name, last_name, second_last_name, birth_date, age, sex, occupation, telephone, address, email, active, image, created_by, email_verified) VALUES ("dvera", "secret", "9985503",  "Daniel", "N/A", "Vera", "Serrano", "1997-03-11", 25, 'MALE', 'Adm. Empresas', "78884487", "Av. Webar", "Daniel.Vera@gmail.com", false, null, "admin", false);
INSERT INTO users (username, password, dni, name, second_name, last_name, second_last_name, birth_date, age, sex, occupation, telephone, address, email, active, image, created_by, email_verified) VALUES ("nasa", "nasa", "9985504", "Keyur", "N/A", "Rpuu", "Atroculope", "1997-04-10", 25, 'MALE', 'Lic. Fisica', "75594787", "Av. Inv. Las rutas", "Keyur.Rpuu@gmail.com", false, null, "admin", false);
INSERT INTO users (username, password, dni, name, second_name, last_name, second_last_name, birth_date, age, sex, occupation, telephone, address, email, active, image, created_by, email_verified) VALUES ("micky", "secret123", "675849", "N/A", "miguel", "aguilar", "paredes", "1994-10-10", 25, 'MALE', 'Lic. Administracion', "77845322", "Av. B. Galindo", "10miguel94@gmail.com", false, null, "admin", false);
INSERT INTO users (username, password, dni, name, second_name, last_name, second_last_name, birth_date, age, sex, occupation, telephone, address, email, active, image, created_by, email_verified) VALUES ("MateoRodriguez", "secret123", "77288544", "Mateo", "N/A", "Rodriguez", "N/A", "1990-10-11", 47, 'MALE', 'Empresario', "76487888", "Av. B. Galindo", "MateoRodriguez@gmail.com", true, null, "admin", false);
INSERT INTO users (username, password, dni, name, second_name, last_name, second_last_name, birth_date, age, sex, occupation, telephone, address, email, active, image, created_by, email_verified) VALUES ("DanielCruz", "secret123", "77885510", "Daniel", "N/A", "Cruz", "N/A", "1990-01-11", 47, 'MALE', 'Lic. Derecho', "7654488", "Av. B. Galindo", "DanielCruz@gmail.com", true, null, "admin", false);
INSERT INTO users (username, password, dni, name, second_name, last_name, second_last_name, birth_date, age, sex, occupation, telephone, address, email, active, image, created_by, email_verified) VALUES ("PabloSanchez", "secret123", "77887744", "Pablo", "N/A", "Sanchez", "N/A", "1990-02-12", 47, 'MALE', 'Abogado', "76478777", "Av. B. Galindo", "PabloSanchez@gmail.com", true, null, "admin", false);
INSERT INTO users (username, password, dni, name, second_name, last_name, second_last_name, birth_date, age, sex, occupation, telephone, address, email, active, image, created_by, email_verified) VALUES ("ValentinaLaverde ", "secret123", "77885511", "Valentina", "N/A", "Laverde", "N/A", "1990-03-13", 19, 'MALE', 'Enfermera', "76478775", "Av. B. Galindo", "ValentinaLaverde@example.com", true, null, "admin", false);
INSERT INTO users (username, password, dni, name, second_name, last_name, second_last_name, birth_date, age, sex, occupation, telephone, address, email, active, image, created_by, email_verified) VALUES ("ADRIANA_HERNANDEZ", "secret123", "77885512", "ADRIANA", "CAROLINA", "HERNANDEZ", "MONTERROZA", "1990-03-13", 19, 'FEMALE', 'Estudiante', "76478775", "Av. B. Galindo", "ADRIANA_HERNANDEZ@example.com", true, null, "admin", false);
INSERT INTO users (username, password, dni, name, second_name, last_name, second_last_name, birth_date, age, sex, occupation, telephone, address, email, active, image, created_by, email_verified) VALUES ("ADRIANA_SANCHEZ", "secret123", "77885513", "ADRIANA", "MARCELA", "SANCHEZ", "N/A", "1990-03-13", 19, 'FEMALE', 'Estudiante', "76478775", "Av. B. Galindo", "ADRIANA_SANCHEZ@example.com", true, null, "admin", false);
INSERT INTO users (username, password, dni, name, second_name, last_name, second_last_name, birth_date, age, sex, occupation, telephone, address, email, active, image, created_by, email_verified) VALUES ("ALEJANDRO_ABONDANO", "secret123", "77885514", "ABONDANO", "N/A", "ABONDANO", "N/A", "1990-03-14", 19, 'MALE', 'Estudiante', "76478775", "Av. B. Galindo", "ALEJANDRO_ABONDANO@example.com", true, null, "admin", false);
INSERT INTO users (username, password, dni, name, second_name, last_name, second_last_name, birth_date, age, sex, occupation, telephone, address, email, active, image, created_by, email_verified) VALUES ("ALEXANDER_CARVAJAL", "secret123", "77885515", "CARVAJAL", "N/A", "VARGAS", "N/A", "1990-03-15", 20, 'MALE', 'Estudiante', "76478775", "Av. B. Galindo", "ALEXANDER_CARVAJAL@example.com", true, null, "admin", false);
INSERT INTO users (username, password, dni, name, second_name, last_name, second_last_name, birth_date, age, sex, occupation, telephone, address, email, active, image, created_by, email_verified) VALUES ("ANDRES_VILLA", "secret123", "77885516", "ANDRES", "N/A", "VILLA", "N/A", "1990-03-16", 19, 'MALE', 'Estudiante', "76478775", "Av. B. Galindo", "ANDRES_VILLA@example.com", true, null, "admin", false);
INSERT INTO users (username, password, dni, name, second_name, last_name, second_last_name, birth_date, age, sex, occupation, telephone, address, email, active, image, created_by, email_verified) VALUES ("CAMILO_VILLAMIZAR", "secret123", "77885517", "CAMILO", "N/A", "VILLAMIZAR", "N/A", "1990-03-17", 19, 'MALE', 'Estudiante', "76478775", "Av. B. Galindo", "CAMILO_VILLAMIZAR@example.com", true, null, "admin", false);
INSERT INTO users (username, password, dni, name, second_name, last_name, second_last_name, birth_date, age, sex, occupation, telephone, address, email, active, image, created_by, email_verified) VALUES ("ALEJANDRO_FORERO", "secret123", "77885518", "ALEJANDRO", "N/A", "FORERO", "N/A", "1990-03-18", 19, 'MALE', 'Estudiante', "76478775", "Av. B. Galindo", "ALEJANDRO_FORERO@example.com", true, null, "admin", false);
INSERT INTO users (username, password, dni, name, second_name, last_name, second_last_name, birth_date, age, sex, occupation, telephone, address, email, active, image, created_by, email_verified) VALUES ("GABRIEL_BUSTOS", "secret123", "77885519", "GABRIEL", "N/A", "BUSTOS", "N/A", "1990-03-19", 18, 'MALE', 'Estudiante', "76478775", "Av. B. Galindo", "GABRIEL_BUSTOS@example.com", true, null, "admin", false);
INSERT INTO users (username, password, dni, name, second_name, last_name, second_last_name, birth_date, age, sex, occupation, telephone, address, email, active, image, created_by, email_verified) VALUES ("ESTEBAN_BOTERO", "secret123", "77885520", "ESTEBAN", "N/A", "BOTERO", "N/A", "1990-03-20", 18, 'MALE', 'Estudiante', "76478775", "Av. B. Galindo", "ESTEBAN_BOTEROe@example.com", true, null, "admin", false);
INSERT INTO users (username, password, dni, name, second_name, last_name, second_last_name, birth_date, age, sex, occupation, telephone, address, email, active, image, created_by, email_verified) VALUES ("MARIO_OROZCO", "secret123", "77885521", "MARIO", "N/A", "OROZCO", "N/A", "1990-03-21", 19, 'MALE', 'Estudiante', "76478775", "Av. B. Galindo", "MARIO_OROZCO@example.com", true, null, "admin", false);
INSERT INTO users (username, password, dni, name, second_name, last_name, second_last_name, birth_date, age, sex, occupation, telephone, address, email, active, image, created_by, email_verified) VALUES ("GUILLERMO_ZUBIETA", "secret123", "77885522", "GUILLERMO", "N/A", "ZUBIETA", "N/A", "1990-03-22", 19, 'MALE', 'Estudiante', "76478775", "Av. B. Galindo", "GUILLERMO_ZUBIETA@example.com", true, null, "admin", false);
INSERT INTO users (username, password, dni, name, second_name, last_name, second_last_name, birth_date, age, sex, occupation, telephone, address, email, active, image, created_by, email_verified) VALUES ("RICARDO_ZAMBRANO", "secret123", "77885523", "RICARDO", "N/A", "ZAMBRANO", "N/A", "1990-03-23", 21, 'MALE', 'Estudiante', "76478775", "Av. B. Galindo", "RICARDO_ZAMBRANO@example.com", true, null, "admin", false);
INSERT INTO users (username, password, dni, name, second_name, last_name, second_last_name, birth_date, age, sex, occupation, telephone, address, email, active, image, created_by, email_verified) VALUES ("JOSE_GARCIA", "secret123", "77885524", "JOSE", "N/A", "GARCIA", "N/A", "1990-03-24", 19, 'MALE', 'Estudiante', "76478775", "Av. B. Galindo", "JOSE_GARCIA@example.com", true, null, "admin", false);
INSERT INTO users (username, password, dni, name, second_name, last_name, second_last_name, birth_date, age, sex, occupation, telephone, address, email, active, image, created_by, email_verified) VALUES ("LEONARDO_DUENAS", "secret123", "77885525", "LEONARDO", "N/A", "DUEÑAS", "N/A", "1990-03-25", 18, 'MALE', 'Estudiante', "76478775", "Av. B. Galindo", "LEONARDO_DUENAS@example.com", true, null, "admin", false);
INSERT INTO users (username, password, dni, name, second_name, last_name, second_last_name, birth_date, age, sex, occupation, telephone, address, email, active, image, created_by, email_verified) VALUES ("YIRIAM_OCHOA", "secret123", "77885526", "YIRIAM", "N/A", "OCHOA", "N/A", "1998-05-01", 18, 'FEMALE', 'Estudiante', "76478775", "Av. B. Galindo", "YIRIAM_OCHOA@example.com", true, null, "admin", false);
INSERT INTO users (username, password, dni, name, second_name, last_name, second_last_name, birth_date, age, sex, occupation, telephone, address, email, active, image, created_by, email_verified) VALUES ("YURANY_MENDEZ", "secret123", "77885527", "YURANY", "N/A", "MENDEZ", "N/A", "1998-05-02", 18, 'FEMALE', 'Estudiante', "76478775", "Av. B. Galindo", "YURANY_MENDEZ@example.com", true, null, "admin", false);
INSERT INTO users (username, password, dni, name, second_name, last_name, second_last_name, birth_date, age, sex, occupation, telephone, address, email, active, image, created_by, email_verified) VALUES ("NATALIA_CONTRERAS", "secret123", "77885528", "NATALIA", "N/A", "CONTRERAS", "N/A", "1998-05-03", 18, 'FEMALE', 'Estudiante', "76478775", "Av. B. Galindo", "NATALIA_CONTRERAS@example.com", true, null, "admin", false);
INSERT INTO users (username, password, dni, name, second_name, last_name, second_last_name, birth_date, age, sex, occupation, telephone, address, email, active, image, created_by, email_verified) VALUES ("ANDREA_VELASCO", "secret123", "77885529", "ANDREA", "N/A", "VELASCO", "N/A", "1998-05-04", 18, 'FEMALE', 'Estudiante', "76478775", "Av. B. Galindo", "ANDREA_VELASCO@example.com", true, null, "admin", false);
INSERT INTO users (username, password, dni, name, second_name, last_name, second_last_name, birth_date, age, sex, occupation, telephone, address, email, active, image, created_by, email_verified) VALUES ("MARIANA_SANTOS", "secret123", "77885530", "MARIANA", "N/A", "SANTOS", "N/A", "1998-05-05", 18, 'FEMALE', 'Estudiante', "76478775", "Av. B. Galindo", "MARIANA_SANTOS@example.com", true, null, "admin", false);
INSERT INTO users (username, password, dni, name, second_name, last_name, second_last_name, birth_date, age, sex, occupation, telephone, address, email, active, image, created_by, email_verified) VALUES ("MARIA_MORENO", "secret123", "77885531", "MARIA", "N/A", "MORENO", "N/A", "1998-05-06", 18, 'FEMALE', 'Estudiante', "76478775", "Av. B. Galindo", "MARIA_MORENO@example.com", true, null, "admin", false);
INSERT INTO users (username, password, dni, name, second_name, last_name, second_last_name, birth_date, age, sex, occupation, telephone, address, email, active, image, created_by, email_verified) VALUES ("MARCELA_RUEDA", "secret123", "77885532", "MARCELA", "N/A", "RUEDA", "N/A", "1998-05-07", 18, 'FEMALE', 'Estudiante', "76478775", "Av. B. Galindo", "MARCELA_RUEDA@example.com", true, null, "admin", false);
INSERT INTO users (username, password, dni, name, second_name, last_name, second_last_name, birth_date, age, sex, occupation, telephone, address, email, active, image, created_by, email_verified) VALUES ("LISETH_VILLAMIL", "secret123", "77885533", "LISETH", "N/A", "VILLAMIL", "N/A", "1998-05-08", 18, 'FEMALE', 'Estudiante', "76478775", "Av. B. Galindo", "LISETH_VILLAMIL@example.com", true, null, "admin", false);
INSERT INTO users (username, password, dni, name, second_name, last_name, second_last_name, birth_date, age, sex, occupation, telephone, address, email, active, image, created_by, email_verified) VALUES ("TATIANA_SIERRA", "secret123", "77885534", "TATIANA", "N/A", "SIERRA", "N/A", "1998-05-09", 18, 'FEMALE', 'Estudiante', "76478775", "Av. B. Galindo", "TATIANA_SIERRA@example.com", true, null, "admin", false);
INSERT INTO users (username, password, dni, name, second_name, last_name, second_last_name, birth_date, age, sex, occupation, telephone, address, email, active, image, created_by, email_verified) VALUES ("LAURA_AYERBE", "secret123", "77885535", "LAURA", "N/A", "AYERBE", "N/A", "1998-05-10", 18, 'FEMALE', 'Estudiante', "76478775", "Av. B. Galindo", "LAURA_AYERBE@example.com", true, null, "admin", false);
INSERT INTO users (username, password, dni, name, second_name, last_name, second_last_name, birth_date, age, sex, occupation, telephone, address, email, active, image, created_by, email_verified) VALUES ("LINA_RAMIREZ", "secret123", "77885536", "LINA", "N/A", "RAMIREZ", "N/A", "1998-05-11", 18, 'FEMALE', 'Estudiante', "76478775", "Av. B. Galindo", "LINA_RAMIREZ@example.com", true, null, "admin", false);
INSERT INTO users (username, password, dni, name, second_name, last_name, second_last_name, birth_date, age, sex, occupation, telephone, address, email, active, image, created_by, email_verified) VALUES ("ABRAHAM_ALANDIA", "secret123", "17885537", "ABRAHAM", "N/A", "ALANDIA", "N/A", "1995-04-01", 21, 'MALE', 'Estudiante', "76478775", "Av. B. Galindo", "ABRAHAM_ALANDIA@example.com", true, null, "admin", false);
INSERT INTO users (username, password, dni, name, second_name, last_name, second_last_name, birth_date, age, sex, occupation, telephone, address, email, active, image, created_by, email_verified) VALUES ("HUGO_ROJAS", "secret123", "17885538", "HUGO", "N/A", "ROJAS", "N/A", "1995-04-02", 22, 'MALE', 'Estudiante', "76478775", "Av. B. Galindo", "HUGO_ROJAS@example.com", true, null, "admin", false);
INSERT INTO users (username, password, dni, name, second_name, last_name, second_last_name, birth_date, age, sex, occupation, telephone, address, email, active, image, created_by, email_verified) VALUES ("REYNALDO_SEGALES", "secret123", "17885539", "REYNALDO", "N/A", "SEGALES", "N/A", "1995-04-03", 23, 'MALE', 'Estudiante', "76478775", "Av. B. Galindo", "REYNALDO_SEGALES@example.com", true, null, "admin", false);
INSERT INTO users (username, password, dni, name, second_name, last_name, second_last_name, birth_date, age, sex, occupation, telephone, address, email, active, image, created_by, email_verified) VALUES ("EDDY_RIVERO", "secret123", "17885540", "EDDY", "N/A", "RIVERO", "N/A", "1995-04-04", 24, 'MALE', 'Estudiante', "76478775", "Av. B. Galindo", "EDDY_RIVERO@example.com", true, null, "admin", false);
INSERT INTO users (username, password, dni, name, second_name, last_name, second_last_name, birth_date, age, sex, occupation, telephone, address, email, active, image, created_by, email_verified) VALUES ("ALFONSO_VILLAVICENCIO", "secret123", "17885541", "ALFONSO", "N/A", "VILLAVICENCIO", "N/A", "1995-04-05", 25, 'MALE', 'Estudiante', "76478775", "Av. B. Galindo", "ALFONSO_VILLAVICENCIO@example.com", true, null, "admin", false);
INSERT INTO users (username, password, dni, name, second_name, last_name, second_last_name, birth_date, age, sex, occupation, telephone, address, email, active, image, created_by, email_verified) VALUES ("PEDRO_MONTOYA", "secret123", "17885542", "PEDRO", "N/A", "MONTOYA", "N/A", "1995-04-06", 26, 'MALE', 'Estudiante', "76478775", "Av. B. Galindo", "PEDRO_MONTOYA@example.com", true, null, "admin", false);
INSERT INTO users (username, password, dni, name, second_name, last_name, second_last_name, birth_date, age, sex, occupation, telephone, address, email, active, image, created_by, email_verified) VALUES ("ROBERTO_BLADES", "secret123", "17885543", "ROBERTO", "N/A", "BLADES", "N/A", "1995-04-07", 20, 'MALE', 'Estudiante', "76478775", "Av. B. Galindo", "ROBERTO_BLADES@example.com", true, null, "admin", false);
INSERT INTO users (username, password, dni, name, second_name, last_name, second_last_name, birth_date, age, sex, occupation, telephone, address, email, active, image, created_by, email_verified) VALUES ("LUIS_VERA", "secret123", "17885544", "LUIS", "N/A", "VERA", "N/A", "1995-04-08", 28, 'MALE', 'Estudiante', "76478775", "Av. B. Galindo", "LUIS_VERA@example.com", true, null, "admin", false);
INSERT INTO users (username, password, dni, name, second_name, last_name, second_last_name, birth_date, age, sex, occupation, telephone, address, email, active, image, created_by, email_verified) VALUES ("MARCELO_ESTRADA", "secret123", "17885545", "MARCELO", "N/A", "ESTRADA", "N/A", "1995-04-09", 19, 'MALE', 'Estudiante', "76478775", "Av. B. Galindo", "MARCELO_ESTRADA@example.com", true, null, "admin", false);
INSERT INTO users (username, password, dni, name, second_name, last_name, second_last_name, birth_date, age, sex, occupation, telephone, address, email, active, image, created_by, email_verified) VALUES ("FERNANDO_ARAMBURO", "secret123", "17885546", "FERNANDO", "N/A", "ARAMBURO", "N/A", "1995-04-10", 20, 'MALE', 'Estudiante', "76478775", "Av. B. Galindo", "FERNANDO_ARAMBURO@example.com", true, null, "admin", false);
INSERT INTO users (username, password, dni, name, second_name, last_name, second_last_name, birth_date, age, sex, occupation, telephone, address, email, active, image, created_by, email_verified) VALUES ("ALBERTO_LOPEZ", "secret123", "17885547", "ALBERTO", "N/A", "LOPEZ", "N/A", "1995-04-10", 20, 'MALE', 'Estudiante', "76478775", "Av. B. Galindo", "ALBERTO_LOPEZ@example.com", true, null, "admin", false);
INSERT INTO users (username, password, dni, name, second_name, last_name, second_last_name, birth_date, age, sex, occupation, telephone, address, email, active, image, created_by, email_verified) VALUES ("LOURDES_ZEGALES", "secret123", "17885548", "LOURDES", "N/A", "ZEGALES", "N/A", "1995-04-10", 20, 'FEMALE', 'Estudiante', "76478775", "Av. B. Galindo", "LOURDES_ZEGALES@example.com", true, null, "admin", false);
INSERT INTO users (username, password, dni, name, second_name, last_name, second_last_name, birth_date, age, sex, occupation, telephone, address, email, active, image, created_by, email_verified) VALUES ("CAROL_VARGAS", "secret123", "17885549", "CAROL", "N/A", "VARGAS", "N/A", "1995-04-10", 20, 'FEMALE', 'Estudiante', "76478775", "Av. B. Galindo", "CAROL_VARGAS@example.com", true, null, "admin", false);
INSERT INTO users (username, password, dni, name, second_name, last_name, second_last_name, birth_date, age, sex, occupation, telephone, address, email, active, image, created_by, email_verified) VALUES ("JUDITH_LOAYZA", "secret123", "17885550", "JUDITH", "N/A", "LOAYZA", "N/A", "1995-04-10", 20, 'FEMALE', 'Estudiante', "76478775", "Av. B. Galindo", "JUDITH_LOAYZA@example.com", true, null, "admin", false);
INSERT INTO users (username, password, dni, name, second_name, last_name, second_last_name, birth_date, age, sex, occupation, telephone, address, email, active, image, created_by, email_verified) VALUES ("ALICIA_CHAMBI", "secret123", "17885551", "ALICIA", "N/A", "CHAMBI", "N/A", "1995-04-10", 20, 'FEMALE', 'Estudiante', "76478775", "Av. B. Galindo", "ALICIA_CHAMBI@example.com", true, null, "admin", false);
INSERT INTO users (username, password, dni, name, second_name, last_name, second_last_name, birth_date, age, sex, occupation, telephone, address, email, active, image, created_by, email_verified) VALUES ("ALEJANDRO_AGUILAR", "secret123", "17885552", "LUIS", "N/A", "AGUILAR", "N/A", "1995-04-10", 20, 'MALE', 'Estudiante', "76478775", "Av. B. Galindo", "ALEJANDRO_AGUILAR@example.com", true, null, "admin", false);
INSERT INTO users (username, password, dni, name, second_name, last_name, second_last_name, birth_date, age, sex, occupation, telephone, address, email, active, image, created_by, email_verified) VALUES ("LUIS_ROSSEL", "secret123", "17885553", "LUIS", "N/A", "ROSSEL", "N/A", "1995-04-10", 20, 'MALE', 'Estudiante', "76478775", "Av. B. Galindo", "LUIS_ROSSEL@example.com", true, null, "admin", false);
INSERT INTO users (username, password, dni, name, second_name, last_name, second_last_name, birth_date, age, sex, occupation, telephone, address, email, active, image, created_by, email_verified) VALUES ("GUSTAVO_APARICIO", "secret123", "17885554", "GUSTAVO", "N/A", "APARICIO", "N/A", "1995-04-10", 20, 'MALE', 'Estudiante', "76478775", "Av. B. Galindo", "GUSTAVO_APARICIO@example.com", true, null, "admin", false);
INSERT INTO users (username, password, dni, name, second_name, last_name, second_last_name, birth_date, age, sex, occupation, telephone, address, email, active, image, created_by, email_verified) VALUES ("ADOLFO_ERGUETA", "secret123", "17885555", "ADOLFO", "N/A", "ERGUETA", "N/A", "1995-04-10", 20, 'MALE', 'Estudiante', "76478775", "Av. B. Galindo", "ADOLFO_ERGUETA@example.com", true, null, "admin", false);
INSERT INTO users (username, password, dni, name, second_name, last_name, second_last_name, birth_date, age, sex, occupation, telephone, address, email, active, image, created_by, email_verified) VALUES ("FERNANDO_DEHEZA", "secret123", "17885556", "FERNANDO", "N/A", "DEHEZA", "N/A", "1995-04-10", 20, 'MALE', 'Estudiante', "76478775", "Av. B. Galindo", "FERNANDO_DEHEZA@example.com", true, null, "admin", false);
INSERT INTO users (username, password, dni, name, second_name, last_name, second_last_name, birth_date, age, sex, occupation, telephone, address, email, active, image, created_by, email_verified) VALUES ("RAMIRO_PINAYA", "secret123", "27885547", "RAMIRO", "N/A", "PINAYA", "N/A", "1995-06-10", 30, 'MALE', 'Estudiante', "76478775", "Av. B. Galindo", "RAMIRO_PINAYA@example.com", true, null, "admin", false);
INSERT INTO users (username, password, dni, name, second_name, last_name, second_last_name, birth_date, age, sex, occupation, telephone, address, email, active, image, created_by, email_verified) VALUES ("MARCOS_CASTELLON", "secret123", "27885548", "MARCOS", "N/A", "CASTELLON", "N/A", "1995-06-11", 32, 'MALE', 'Estudiante', "76478775", "Av. B. Galindo", "MARCOS_CASTELLON@example.com", true, null, "admin", false);
INSERT INTO users (username, password, dni, name, second_name, last_name, second_last_name, birth_date, age, sex, occupation, telephone, address, email, active, image, created_by, email_verified) VALUES ("VERONICA_ZEBALLOS", "secret123", "27885549", "VERONICA", "N/A", "ZEBALLOS", "N/A", "1995-06-12", 32, 'FEMALE', 'Estudiante', "76478775", "Av. B. Galindo", "VERONICA_ZEBALLOS@example.com", true, null, "admin", false);
INSERT INTO users (username, password, dni, name, second_name, last_name, second_last_name, birth_date, age, sex, occupation, telephone, address, email, active, image, created_by, email_verified) VALUES ("RAQUEL_CLAVIJO", "secret123", "22185550", "RAQUEL", "N/A", "CLAVIJO", "N/A", "1995-06-13", 30, 'FEMALE', 'Estudiante', "76478775", "Av. B. Galindo", "RAQUEL_CLAVIJO@example.com", true, null, "admin", false);
INSERT INTO users (username, password, dni, name, second_name, last_name, second_last_name, birth_date, age, sex, occupation, telephone, address, email, active, image, created_by, email_verified) VALUES ("PATTY_CANAVIRI", "secret123", "27885551", "PATTY", "N/A", "CANAVIRI", "N/A", "1995-06-14", 33, 'FEMALE', 'Estudiante', "76478775", "Av. B. Galindo", "PATTY_CANAVIRI@example.com", true, null, "admin", false);
INSERT INTO users (username, password, dni, name, second_name, last_name, second_last_name, birth_date, age, sex, occupation, telephone, address, email, active, image, created_by, email_verified) VALUES ("FRANKLIN_TROCHE", "secret123", "27885552", "FRANKLIN", "N/A", "TROCHE", "N/A", "1995-06-15", 32, 'MALE', 'Estudiante', "76478775", "Av. B. Galindo", "FRANKLIN_TROCHE@example.com", true, null, "admin", false);
INSERT INTO users (username, password, dni, name, second_name, last_name, second_last_name, birth_date, age, sex, occupation, telephone, address, email, active, image, created_by, email_verified) VALUES ("MAURICIO_CLAVIJO", "secret123", "27885553", "MAURICIO", "N/A", "CLAVIJO", "N/A", "1995-06-16", 35, 'MALE', 'Estudiante', "76478775", "Av. B. Galindo", "MAURICIO_CLAVIJO@example.com", true, null, "admin", false);
INSERT INTO users (username, password, dni, name, second_name, last_name, second_last_name, birth_date, age, sex, occupation, telephone, address, email, active, image, created_by, email_verified) VALUES ("MIGUEL_GUTIERREZ", "secret123", "27885554", "MIGUEL", "N/A", "GUTIERREZ", "N/A", "1995-06-17", 31, 'MALE', 'Estudiante', "76478775", "Av. B. Galindo", "MIGUEL_GUTIERREZ@example.com", true, null, "admin", false);
INSERT INTO users (username, password, dni, name, second_name, last_name, second_last_name, birth_date, age, sex, occupation, telephone, address, email, active, image, created_by, email_verified) VALUES ("EDWIN_MONTES", "secret123", "27885555", "EDWIN", "N/A", "MONTES", "N/A", "1995-06-18", 32, 'MALE', 'Estudiante', "76478775", "Av. B. Galindo", "EDWIN_MONTES@example.com", true, null, "admin", false);
INSERT INTO users (username, password, dni, name, second_name, last_name, second_last_name, birth_date, age, sex, occupation, telephone, address, email, active, image, created_by, email_verified) VALUES ("ALFONSO_ORIHUELA", "secret123", "27885556", "ALFONSO", "N/A", "ORIHUELA", "N/A", "1995-06-19", 33, 'MALE', 'Estudiante', "76478775", "Av. B. Galindo", "ALFONSO_ORIHUELA@example.com", true, null, "admin", false);
INSERT INTO users (username, password, dni, name, second_name, last_name, second_last_name, birth_date, age, sex, occupation, telephone, address, email, active, image, created_by, email_verified) VALUES ("RICARDO_VILLAFAN", "secret123", "27885557", "RICARDO", "N/A", "VILLAFAN", "N/A", "1995-06-20", 33, 'MALE', 'Estudiante', "76478775", "Av. B. Galindo", "RICARDO_VILLAFAN@example.com", true, null, "admin", false);
INSERT INTO users (username, password, dni, name, second_name, last_name, second_last_name, birth_date, age, sex, occupation, telephone, address, email, active, image, created_by, email_verified) VALUES ("adminreservation", "admin123", "123123125", "N/A", "bill", "quen", "pozo", "1990-10-10", 50, 'MALE', 'deportista', "77775456", "Av. B. Galindo", "deportista@gmail.com", true, null, "admin", false);

INSERT INTO users (username, password, dni, name, second_name, last_name, second_last_name, birth_date, age, sex, occupation, telephone, address, email, active, image, created_by, email_verified) VALUES
("SysAdmin", "admin123", "1000001", "N/A", "N/A", "N/A", "N/A", "1990-01-01", 27, 'MALE', 'Ing. Sistemas', "60795090", "Av. Wiracocha", "SysAdmin@puggysoft.com", true, null, null, true),
("SysUsersAdmin", "admin123", "1000002", "N/A", "N/A", "N/A", "N/A", "1990-01-01", 27, 'MALE', 'Ing. Sistemas', "60795090", "Av. Wiracocha", "SysUsersAdmin@puggysoft.com", true, null, "SysAdmin", true),
("SysVentasAdmin", "admin123", "1000003", "N/A", "N/A", "N/A", "N/A", "1990-01-01", 27, 'MALE', 'Ing. Sistemas', "60795090", "Av. Wiracocha", "SysVentasAdmin@puggysoft.com", true, null, "SysAdmin", true),
("SysVentasVendedor", "admin123", "1000004", "N/A", "N/A", "N/A", "N/A", "1990-01-01", 27, 'MALE', 'Ing. Sistemas', "60795090", "Av. Wiracocha", "SysVentasVendedor@puggysoft.com", true, null, "SysAdmin", true),
("SysVentasCliente", "admin123", "1000005", "N/A", "N/A", "N/A", "N/A", "1990-01-01", 27, 'MALE', 'Ing. Sistemas', "60795090", "Av. Wiracocha", "SysVentasCliente@puggysoft.com", true, null, "SysAdmin", true),
("SysVentasRestAdmin", "admin123", "1000006", "N/A", "N/A", "N/A", "N/A", "1990-01-01", 27, 'MALE', 'Ing. Sistemas', "60795090", "Av. Wiracocha", "SysVentasRestAdmin@puggysoft.com", true, null, "SysAdmin",  true),
("SysVentasRestVendedor", "admin123", "1000007", "N/A", "N/A", "N/A", "N/A", "1990-01-01", 27, 'MALE', 'Ing. Sistemas', "60795090", "Av. Wiracocha", "SysVentasRestVendedor@puggysoft.com", true, null, "SysAdmin",  true),
("SysVentasRestCliente", "admin123", "1000008", "N/A", "N/A", "N/A", "N/A", "1990-01-01", 27, 'MALE', 'Ing. Sistemas', "60795090", "Av. Wiracocha", "SysVentasRestCliente@puggysoft.com", true, null, "SysAdmin",  true),
("SysReservasAdmin", "admin123", "1000009", "N/A", "N/A", "N/A", "N/A", "1990-01-01", 27, 'MALE', 'Ing. Sistemas', "60795090", "Av. Wiracocha", "SysReservasAdmin@puggysoft.com", true, null, "SysAdmin",  true),
("SysQaAdmin", "admin123", "1000010", "N/A", "N/A", "N/A", "N/A", "1990-01-01", 27, 'MALE', 'Ing. Sistemas', "60795090", "Av. Wiracocha", "SysQaAdmin@puggysoft.com", true, null, "SysAdmin",  true),
("SysProyectosAdmin", "admin123", "1000011", "N/A", "N/A", "N/A", "N/A", "1990-01-01", 27, 'MALE', 'Ing. Sistemas', "60795090", "Av. Wiracocha", "SysProyectosAdmin@puggysoft.com", true, null, "SysAdmin",  true),
("SysPetsAdmin", "admin123", "1000012", "N/A", "N/A", "N/A", "N/A", "1990-01-01", 27, 'MALE', 'Ing. Sistemas', "60795090", "Av. Wiracocha", "SysPetsAdmin@puggysoft.com", true, null, "SysAdmin",  true),
("SysAccountingAdmin", "admin123", "1000013", "N/A", "N/A", "N/A", "N/A", "1990-01-01", 27, 'MALE', 'Ing. Sistemas', "60795090", "Av. Wiracocha", "SysAccountingAdmin@puggysoft.com", true, null, "SysAdmin",  true),
("SysControlAsistenciaAdmin", "admin123", "1000014", "N/A", "N/A", "N/A", "N/A", "1990-01-01", 27, 'MALE', 'Ing. Sistemas', "60795090", "Av. Wiracocha", "SysControlAsistenciaAdmin@puggysoft.com", true, null, "SysAdmin",  true),
("SysPlanillaSueldosAdmin", "admin123", "1000015", "N/A", "N/A", "N/A", "N/A", "1990-01-01", 27, 'MALE', 'Ing. Sistemas', "60795090", "Av. Wiracocha", "SysPlanillaSueldosAdmin@puggysoft.com", true, null, "SysAdmin",  true),
("SysTicketsAdmin", "admin123", "1000016", "N/A", "N/A", "N/A", "N/A", "1990-01-01", 27, 'MALE', 'Ing. Sistemas', "60795090", "Av. Wiracocha", "SysTicketsAdmin@puggysoft.com", true, null, "SysAdmin",  true),
("RecursosMunicipalesAdmin", "admin123", "1000026", "N/A", "N/A", "N/A", "N/A", "1990-01-01", 27, 'MALE', 'Ing. Sistemas', "60795090", "Av. Wiracocha", "RecursosMunicipalesAdmin@puggysoft.com", true, null, "SysAdmin",  true),
("RecursosMunicipalesEncargado", "admin123", "1000018", "N/A", "N/A", "N/A", "N/A", "1990-01-01", 27, 'MALE', 'Ing. Sistemas', "60795090", "Av. Wiracocha", "RecursosMunicipalesEncargado@puggysoft.com", true, null, "SysAdmin",  true),
("RecursosMunicipalesCajero", "admin123", "1000019", "N/A", "N/A", "N/A", "N/A", "1990-01-01", 27, 'MALE', 'Ing. Sistemas', "60795090", "Av. Wiracocha", "RecursosMunicipalesCajero@puggysoft.com", true, null, "SysAdmin",  true),
("HospitalAdmin", "admin123", "1000020", "N/A", "N/A", "N/A", "N/A", "1990-01-01", 27, 'MALE', 'Ing. Sistemas', "60795090", "Av. Wiracocha", "HospitalAdmin@puggysoft.com", true, null, "SysAdmin",  true),
("HospitalDoctor", "admin123", "1000021", "N/A", "N/A", "N/A", "N/A", "1990-01-01", 27, 'MALE', 'Ing. Sistemas', "60795090", "Av. Wiracocha", "HospitalDoctor@puggysoft.com", true, null, "SysAdmin",  true),
("HospitalPatient", "admin123", "1000022", "N/A", "N/A", "N/A", "N/A", "1990-01-01", 27, 'MALE', 'Ing. Sistemas', "60795090", "Av. Wiracocha", "HospitalPatient@puggysoft.com", true, null, "SysAdmin",  true),
("HospitalTicketsAdmin", "admin123", "1000023", "N/A", "N/A", "N/A", "N/A", "1990-01-01", 27, 'MALE', 'Ing. Sistemas', "60795090", "Av. Wiracocha", "HospitalTicketsAdm@puggysoft.com", true, null, "SysAdmin",  true),
("SysUrbanismoAdmin", "admin123", "1000027", "N/A", "N/A", "N/A", "N/A", "1990-01-01", 27, 'MALE', 'Ing. Sistemas', "60795090", "Av. Wiracocha", "SysUrbanismoAdmin@puggysoft.com", true, null, "SysAdmin",  true),
("SysUrbanismoEncargado", "admin123", "1000028", "N/A", "N/A", "N/A", "N/A", "1990-01-01", 27, 'MALE', 'Ing. Sistemas', "60795090", "Av. Wiracocha", "SysUrbanismoEncargado@puggysoft.com", true, null, "SysAdmin",  true),
("SysEscuelaAdmin", "admin123", "1000017", "N/A", "N/A", "N/A", "N/A", "1990-01-01", 27, 'MALE', 'Ing. Sistemas', "60795090", "Av. Wiracocha", "SysEscuelaAdmin@puggysoft.com", true, null, "SysAdmin",  true);

-- Insert data (Roles).
INSERT INTO roles (name, created_by) VALUES ("ADMIN", "admin"); -- 1000
INSERT INTO roles (name, created_by) VALUES ("ADMIN_USERS", "admin"); -- 1001
INSERT INTO roles (name, created_by) VALUES ("HOSPITAL_ADMIN", "admin"); -- 1002
INSERT INTO roles (name, created_by) VALUES ("HOSPITAL_DOCTOR", "admin"); -- 1003
INSERT INTO roles (name, created_by) VALUES ("HOSPITAL_PATIENT", "admin"); -- 1004
INSERT INTO roles (name, created_by) VALUES ("HOSPITAL_TICKETS_ADMIN", "admin"); -- 1005
INSERT INTO roles (name, created_by) VALUES ("SALES_ADMIN", "admin"); -- 1006
INSERT INTO roles (name, created_by) VALUES ("SALES_CLIENT", "admin"); -- 1007
INSERT INTO roles (name, created_by) VALUES ("SALES_SELLER", "admin"); -- 1008
INSERT INTO roles (name, created_by) VALUES ("SALES_ADMIN_RESTAURANT", "admin"); -- 1009
INSERT INTO roles (name, created_by) VALUES ("SALES_SELLER_RESTAURANT", "admin");
INSERT INTO roles (name, created_by) VALUES ("SALES_CLIENT_RESTAURANT", "admin");
INSERT INTO roles (name, created_by) VALUES ("RESERVATION_ADMIN", "admin");
INSERT INTO roles (name, created_by) VALUES ("QA_ADMIN", "admin");
INSERT INTO roles (name, created_by) VALUES ("PROJECTS_ADMIN", "admin");
INSERT INTO roles (name, created_by) VALUES ("ACCOUNTING_ADMIN", "admin");
INSERT INTO roles (name, created_by) VALUES ("ASSIST_CONTROL_ADMIN", "admin");
INSERT INTO roles (name, created_by) VALUES ("SALARY_SHEET_ADMIN", "admin");
INSERT INTO roles (name, created_by) VALUES ("TICKETS_ADMIN", "admin");
INSERT INTO roles (name, created_by) VALUES ("SCHOOL_ADMIN", "admin");
INSERT INTO roles (name, created_by) VALUES ("ADMIN_USERS_BY_TENANT", "admin");
INSERT INTO roles (name, created_by) VALUES ("ALCALDIA_RECURSOS_MUNICIPALES_ENCARGADO", "admin");
INSERT INTO roles (name, created_by) VALUES ("ALCALDIA_RECURSOS_MUNICIPALES_CAJERO", "admin");
INSERT INTO roles (name, created_by) VALUES ("URBANISMO_ENCARGADO", "admin");

-- TENANTS
INSERT INTO tenants (name, short_name, status, description, created_by) VALUES
("EMPRESA 1", 'EMPRESA_1', 'ACTIVE', 'EMPRESA 1 PARA PRUEBAS', 'SysAdmin'),
("EMPRESA 2", 'EMPRESA_2', 'ACTIVE', 'EMPRESA 2 PARA PRUEBAS', 'SysAdmin'),
("EMPRESA 3", 'EMPRESA_3', 'ACTIVE', 'EMPRESA 3 PARA PRUEBAS', 'SysAdmin'),
("EMPRESA 4", 'EMPRESA_4', 'INACTIVE', 'EMPRESA 4 PARA PRUEBAS', 'SysAdmin'),
("EMPRESA 5", 'EMPRESA_5', 'INACTIVE', 'EMPRESA 5 PARA PRUEBAS', 'SysAdmin'),
("HOSPITAL 1", 'HOSPITAL_1', 'ACTIVE', 'HOSPITAL PARA PRUEBAS', 'SysAdmin'),
("FERRETERIA 1", 'FERRETERIA_1', 'ACTIVE', 'FERRETERIA PARA PRUEBAS', 'SysAdmin'),
("RESTAURANTE 1", 'RESTAURANTE_1', 'ACTIVE', 'RESTAURANTE PARA PRUEBAS', 'SysAdmin');

INSERT INTO users_roles (id_user, id_role, created_by, tenant) VALUES
((select id from users where username='SysAdmin'), (select id from roles where name='ADMIN'), "SysAdmin", "EMPRESA_1"),
((select id from users where username='SysUsersAdmin'), (select id from roles where name='ADMIN_USERS'), "SysAdmin", "EMPRESA_1"),
((select id from users where username='SysVentasAdmin'), (select id from roles where name='SALES_ADMIN'), "SysAdmin", "EMPRESA_1"),
((select id from users where username='SysVentasVendedor'), (select id from roles where name='SALES_SELLER'), "SysAdmin", "EMPRESA_1"),
((select id from users where username='SysVentasCliente'), (select id from roles where name='SALES_CLIENT'), "SysAdmin", "EMPRESA_1"),
((select id from users where username='SysVentasRestAdmin'), (select id from roles where name='SALES_ADMIN_RESTAURANT'), "SysAdmin", "EMPRESA_1"),
((select id from users where username='SysVentasRestVendedor'), (select id from roles where name='SALES_SELLER_RESTAURANT'), "SysAdmin", "EMPRESA_1"),
((select id from users where username='SysVentasRestCliente'), (select id from roles where name='SALES_CLIENT_RESTAURANT'), "SysAdmin", "EMPRESA_1"),
((select id from users where username='SysReservasAdmin'), (select id from roles where name='RESERVATION_ADMIN'), "SysAdmin", "EMPRESA_1"),
((select id from users where username='SysQaAdmin'), (select id from roles where name='QA_ADMIN'), "SysAdmin", "EMPRESA_1"),
((select id from users where username='SysProyectosAdmin'), (select id from roles where name='PROJECTS_ADMIN'), "SysAdmin", "EMPRESA_1"),
((select id from users where username='SysAccountingAdmin'), (select id from roles where name='ACCOUNTING_ADMIN'), "SysAdmin", "EMPRESA_1"),
((select id from users where username='SysControlAsistenciaAdmin'), (select id from roles where name='ASSIST_CONTROL_ADMIN'), "SysAdmin", "EMPRESA_1"),
((select id from users where username='SysPlanillaSueldosAdmin'), (select id from roles where name='SALARY_SHEET_ADMIN'), "SysAdmin", "EMPRESA_1"),
((select id from users where username='SysTicketsAdmin'), (select id from roles where name='TICKETS_ADMIN'), "SysAdmin", "EMPRESA_1"),
((select id from users where username='HospitalAdmin'), (select id from roles where name='HOSPITAL_ADMIN'), "SysAdmin", "EMPRESA_1"),
((select id from users where username='HospitalDoctor'), (select id from roles where name='HOSPITAL_DOCTOR'), "SysAdmin", "EMPRESA_1"),
((select id from users where username='HospitalPatient'), (select id from roles where name='HOSPITAL_PATIENT'), "SysAdmin", "EMPRESA_1"),
((select id from users where username='HospitalTicketsAdmin'), (select id from roles where name='HOSPITAL_TICKETS_ADMIN'), "SysAdmin", "EMPRESA_1"),
((select id from users where username='RecursosMunicipalesAdmin'), (select id from roles where name='ADMIN_USERS'), "SysAdmin", "EMPRESA_1"),
((select id from users where username='RecursosMunicipalesEncargado'), (select id from roles where name='ALCALDIA_RECURSOS_MUNICIPALES_ENCARGADO'), "SysAdmin", "EMPRESA_1"),
((select id from users where username='RecursosMunicipalesCajero'), (select id from roles where name='ALCALDIA_RECURSOS_MUNICIPALES_CAJERO'), "SysAdmin", "EMPRESA_1"),
((select id from users where username='SysUrbanismoAdmin'), (select id from roles where name='ADMIN_USERS'), "SysAdmin", "EMPRESA_1"),
((select id from users where username='SysUrbanismoEncargado'), (select id from roles where name='URBANISMO_ENCARGADO'), "SysAdmin", "EMPRESA_1"),
((select id from users where username='SysEscuelaAdmin'), (select id from roles where name='SCHOOL_ADMIN'), "SysAdmin", "EMPRESA_1");

INSERT INTO users_roles (id_user, id_role, created_by, tenant) VALUES
((select id from users where username='SysAdmin'), (select id from roles where name='ADMIN'), "SysAdmin", "EMPRESA_2"),
((select id from users where username='SysUsersAdmin'), (select id from roles where name='ADMIN_USERS'), "SysAdmin", "EMPRESA_2"),
((select id from users where username='SysVentasAdmin'), (select id from roles where name='SALES_ADMIN'), "SysAdmin", "EMPRESA_2"),
((select id from users where username='SysVentasVendedor'), (select id from roles where name='SALES_SELLER'), "SysAdmin", "EMPRESA_2"),
((select id from users where username='SysVentasCliente'), (select id from roles where name='SALES_CLIENT'), "SysAdmin", "EMPRESA_2"),
((select id from users where username='SysVentasRestAdmin'), (select id from roles where name='SALES_ADMIN_RESTAURANT'), "SysAdmin", "EMPRESA_2"),
((select id from users where username='SysVentasRestVendedor'), (select id from roles where name='SALES_SELLER_RESTAURANT'), "SysAdmin", "EMPRESA_2"),
((select id from users where username='SysVentasRestCliente'), (select id from roles where name='SALES_CLIENT_RESTAURANT'), "SysAdmin", "EMPRESA_2"),
((select id from users where username='SysReservasAdmin'), (select id from roles where name='RESERVATION_ADMIN'), "SysAdmin", "EMPRESA_2"),
((select id from users where username='SysQaAdmin'), (select id from roles where name='QA_ADMIN'), "SysAdmin", "EMPRESA_2"),
((select id from users where username='SysProyectosAdmin'), (select id from roles where name='PROJECTS_ADMIN'), "SysAdmin", "EMPRESA_2"),
((select id from users where username='SysAccountingAdmin'), (select id from roles where name='ACCOUNTING_ADMIN'), "SysAdmin", "EMPRESA_2"),
((select id from users where username='SysControlAsistenciaAdmin'), (select id from roles where name='ASSIST_CONTROL_ADMIN'), "SysAdmin", "EMPRESA_2"),
((select id from users where username='SysPlanillaSueldosAdmin'), (select id from roles where name='SALARY_SHEET_ADMIN'), "SysAdmin", "EMPRESA_2"),
((select id from users where username='SysTicketsAdmin'), (select id from roles where name='TICKETS_ADMIN'), "SysAdmin", "EMPRESA_2"),
((select id from users where username='HospitalAdmin'), (select id from roles where name='HOSPITAL_ADMIN'), "SysAdmin", "EMPRESA_2"),
((select id from users where username='HospitalDoctor'), (select id from roles where name='HOSPITAL_DOCTOR'), "SysAdmin", "EMPRESA_2"),
((select id from users where username='HospitalPatient'), (select id from roles where name='HOSPITAL_PATIENT'), "SysAdmin", "EMPRESA_2"),
((select id from users where username='HospitalTicketsAdmin'), (select id from roles where name='HOSPITAL_TICKETS_ADMIN'), "SysAdmin", "EMPRESA_2"),
((select id from users where username='RecursosMunicipalesAdmin'), (select id from roles where name='ADMIN_USERS'), "SysAdmin", "EMPRESA_2"),
((select id from users where username='RecursosMunicipalesEncargado'), (select id from roles where name='ALCALDIA_RECURSOS_MUNICIPALES_ENCARGADO'), "SysAdmin", "EMPRESA_2"),
((select id from users where username='RecursosMunicipalesCajero'), (select id from roles where name='ALCALDIA_RECURSOS_MUNICIPALES_CAJERO'), "SysAdmin", "EMPRESA_2"),
((select id from users where username='SysUrbanismoAdmin'), (select id from roles where name='ADMIN_USERS'), "SysAdmin", "EMPRESA_2"),
((select id from users where username='SysUrbanismoEncargado'), (select id from roles where name='URBANISMO_ENCARGADO'), "SysAdmin", "EMPRESA_2"),
((select id from users where username='SysEscuelaAdmin'), (select id from roles where name='SCHOOL_ADMIN'), "SysAdmin", "EMPRESA_2");

-- Insert data (User-Roles).
INSERT INTO users_roles (id_user, id_role, created_by, tenant) VALUES (1000, 1000, "admin", "EMPRESA_1"); -- Admin Full.
INSERT INTO users_roles (id_user, id_role, created_by, tenant) VALUES (1000, 1001, "admin", "EMPRESA_1"); -- users - Admin Users.
INSERT INTO users_roles (id_user, id_role, created_by, tenant) VALUES (1001, 1002, "admin", "EMPRESA_1"); -- hospital - Admin hospital.
INSERT INTO users_roles (id_user, id_role, created_by, tenant) VALUES (1002, 1003, "admin", "EMPRESA_1"); -- hospital - doctor.
INSERT INTO users_roles (id_user, id_role, created_by, tenant) VALUES (1003, 1004, "admin", "EMPRESA_1"); -- hospital - patient.
INSERT INTO users_roles (id_user, id_role, created_by, tenant) VALUES (1004, 1005, "admin", "EMPRESA_1"); -- hospital - tickets admin.
INSERT INTO users_roles (id_user, id_role, created_by, tenant) VALUES (1005, 1006, "admin", "EMPRESA_1"); -- Admin sales
INSERT INTO users_roles (id_user, id_role, created_by, tenant) VALUES (1007, 1007, "admin", "EMPRESA_1"); -- sales client
INSERT INTO users_roles (id_user, id_role, created_by, tenant) VALUES (1006, 1008, "admin", "EMPRESA_1"); -- sales seller
INSERT INTO users_roles (id_user, id_role, created_by, tenant) VALUES (1008, 1009, "admin", "EMPRESA_1"); -- admin sales restaurant

-- HOSPITAL
-- HOSPITAL DOCTORS
INSERT INTO users_roles (id_user, id_role, created_by, tenant) VALUES (1021, 1003, "admin", "EMPRESA_1");
INSERT INTO users_roles (id_user, id_role, created_by, tenant) VALUES (1022, 1003, "admin", "EMPRESA_1");
INSERT INTO users_roles (id_user, id_role, created_by, tenant) VALUES (1023, 1003, "admin", "EMPRESA_1");
INSERT INTO users_roles (id_user, id_role, created_by, tenant) VALUES (1024, 1003, "admin", "EMPRESA_1");
INSERT INTO users_roles (id_user, id_role, created_by, tenant) VALUES (1025, 1003, "admin", "EMPRESA_1");
INSERT INTO users_roles (id_user, id_role, created_by, tenant) VALUES (1026, 1003, "admin", "EMPRESA_1");
INSERT INTO users_roles (id_user, id_role, created_by, tenant) VALUES (1027, 1003, "admin", "EMPRESA_1");
INSERT INTO users_roles (id_user, id_role, created_by, tenant) VALUES (1028, 1003, "admin", "EMPRESA_1");
INSERT INTO users_roles (id_user, id_role, created_by, tenant) VALUES (1029, 1003, "admin", "EMPRESA_1");
INSERT INTO users_roles (id_user, id_role, created_by, tenant) VALUES (1030, 1003, "admin", "EMPRESA_1");
-- HOSPITAL PATIENT
INSERT INTO users_roles (id_user, id_role, created_by, tenant) VALUES (1031, 1004, "admin", "EMPRESA_1");
INSERT INTO users_roles (id_user, id_role, created_by, tenant) VALUES (1032, 1004, "admin", "EMPRESA_1");
INSERT INTO users_roles (id_user, id_role, created_by, tenant) VALUES (1033, 1004, "admin", "EMPRESA_1");
INSERT INTO users_roles (id_user, id_role, created_by, tenant) VALUES (1034, 1004, "admin", "EMPRESA_1");
INSERT INTO users_roles (id_user, id_role, created_by, tenant) VALUES (1035, 1004, "admin", "EMPRESA_1");
INSERT INTO users_roles (id_user, id_role, created_by, tenant) VALUES (1036, 1004, "admin", "EMPRESA_1");
INSERT INTO users_roles (id_user, id_role, created_by, tenant) VALUES (1037, 1004, "admin", "EMPRESA_1");
INSERT INTO users_roles (id_user, id_role, created_by, tenant) VALUES (1038, 1004, "admin", "EMPRESA_1");
INSERT INTO users_roles (id_user, id_role, created_by, tenant) VALUES (1039, 1004, "admin", "EMPRESA_1");
INSERT INTO users_roles (id_user, id_role, created_by, tenant) VALUES (1040, 1004, "admin", "EMPRESA_1");


-- SALES
-- SALES CLIENTS
INSERT INTO users_roles (id_user, id_role, created_by, tenant) VALUES (1041, 1007, "admin", "EMPRESA_1");
INSERT INTO users_roles (id_user, id_role, created_by, tenant) VALUES (1042, 1007, "admin", "EMPRESA_1");
INSERT INTO users_roles (id_user, id_role, created_by, tenant) VALUES (1043, 1007, "admin", "EMPRESA_1");
INSERT INTO users_roles (id_user, id_role, created_by, tenant) VALUES (1044, 1007, "admin", "EMPRESA_1");
INSERT INTO users_roles (id_user, id_role, created_by, tenant) VALUES (1045, 1007, "admin", "EMPRESA_1");
INSERT INTO users_roles (id_user, id_role, created_by, tenant) VALUES (1046, 1007, "admin", "EMPRESA_1");
INSERT INTO users_roles (id_user, id_role, created_by, tenant) VALUES (1047, 1007, "admin", "EMPRESA_1");
INSERT INTO users_roles (id_user, id_role, created_by, tenant) VALUES (1048, 1007, "admin", "EMPRESA_1");
INSERT INTO users_roles (id_user, id_role, created_by, tenant) VALUES (1049, 1007, "admin", "EMPRESA_1");
INSERT INTO users_roles (id_user, id_role, created_by, tenant) VALUES (1050, 1007, "admin", "EMPRESA_1");
INSERT INTO users_roles (id_user, id_role, created_by, tenant) VALUES (1051, 1007, "admin", "EMPRESA_1");
INSERT INTO users_roles (id_user, id_role, created_by, tenant) VALUES (1052, 1007, "admin", "EMPRESA_1");
INSERT INTO users_roles (id_user, id_role, created_by, tenant) VALUES (1053, 1007, "admin", "EMPRESA_1");
INSERT INTO users_roles (id_user, id_role, created_by, tenant) VALUES (1054, 1007, "admin", "EMPRESA_1");
INSERT INTO users_roles (id_user, id_role, created_by, tenant) VALUES (1055, 1007, "admin", "EMPRESA_1");


-- SYSTEM PROPERTIES
-- SYS_SALE_TYPE = GENERIC / RESTAURANT
INSERT INTO system_properties (name, value, created_by, tenant) VALUES ("SYS_AUTO_USER_REG", "FALSE", "admin", "EMPRESA_1");
INSERT INTO system_properties (name, value, created_by, tenant) VALUES ("SYS_SALE_BILLING", "FALSE", "admin", "EMPRESA_1");


DROP PROCEDURE IF EXISTS assignTenantToAllUsers;

DELIMITER $$
CREATE PROCEDURE assignTenantToAllUsers()
  BEGIN
    DECLARE totalUsersRows INT DEFAULT 0;
    DECLARE i INT DEFAULT 0;
    SELECT COUNT(*) FROM users INTO totalUsersRows;
    SET i=0;
    WHILE i < totalUsersRows DO
      INSERT INTO tenants_users(username, tenant, created_by) VALUES ((SELECT username FROM users LIMIT i,1),'EMPRESA_1', 'SysAdmin');
      SET i = i + 1;
    END WHILE;
END; $$
DELIMITER ;

CALL assignTenantToAllUsers();
DROP PROCEDURE assignTenantToAllUsers;


-- TENANTS USERS
INSERT INTO tenants_users (username, tenant, created_by) VALUES
('SysAdmin', 'EMPRESA_2', 'SysAdmin'),
('SysUsersAdmin', 'EMPRESA_2', 'SysAdmin'),
('SysVentasAdmin', 'EMPRESA_2', 'SysAdmin'),
('SysVentasVendedor', 'EMPRESA_2', 'SysAdmin'),
('SysVentasCliente', 'EMPRESA_2', 'SysAdmin'),
('SysVentasRestAdmin', 'EMPRESA_2', 'SysAdmin'),
('SysVentasRestVendedor', 'EMPRESA_2', 'SysAdmin'),
('SysVentasRestCliente', 'EMPRESA_2', 'SysAdmin'),
('SysReservasAdmin', 'EMPRESA_2', 'SysAdmin'),
('SysQaAdmin', 'EMPRESA_2', 'SysAdmin'),
('SysProyectosAdmin', 'EMPRESA_2', 'SysAdmin'),
('SysAccountingAdmin', 'EMPRESA_2', 'SysAdmin'),
('SysControlAsistenciaAdmin', 'EMPRESA_2', 'SysAdmin'),
('SysPlanillaSueldosAdmin', 'EMPRESA_2', 'SysAdmin'),
('SysTicketsAdmin', 'EMPRESA_2', 'SysAdmin'),
('RecursosMunicipalesAdmin', 'EMPRESA_2', 'SysAdmin'),
('RecursosMunicipalesEncargado', 'EMPRESA_2', 'SysAdmin'),
('RecursosMunicipalesCajero', 'EMPRESA_2', 'SysAdmin'),
('SysUrbanismoAdmin', 'EMPRESA_2', 'SysAdmin'),
('SysUrbanismoEncargado', 'EMPRESA_2', 'SysAdmin'),
('SysEscuelaAdmin', 'EMPRESA_2', 'SysAdmin');


-- TENANTS ROLES
INSERT INTO tenants_roles (role, tenant, created_by) VALUES
('HOSPITAL_PATIENT', 'HOSPITAL_1', "admin"),
('HOSPITAL_TICKETS_ADMIN', 'HOSPITAL_1', "admin"),
('HOSPITAL_DOCTOR', 'EMPRESA_2', "admin"),
('HOSPITAL_PATIENT', 'EMPRESA_2', "admin"),
('HOSPITAL_TICKETS_ADMIN', 'EMPRESA_2', "admin"),
('HOSPITAL_DOCTOR', 'EMPRESA_1', "admin"),
('HOSPITAL_PATIENT', 'EMPRESA_1', "admin"),
('HOSPITAL_TICKETS_ADMIN', 'EMPRESA_1', "admin"),
('SALES_ADMIN', 'FERRETERIA_1', "admin"),
('SALES_CLIENT', 'FERRETERIA_1', "admin"),
('SALES_SELLER', 'FERRETERIA_1', "admin"),
('SALES_ADMIN', 'EMPRESA_1', "admin"),
('SALES_CLIENT', 'EMPRESA_1', "admin"),
('SALES_SELLER', 'EMPRESA_1', "admin"),
('SALES_ADMIN_RESTAURANT', 'RESTAURANTE_1', "admin"),
('SALES_SELLER_RESTAURANT', 'RESTAURANTE_1', "admin"),
('SALES_CLIENT_RESTAURANT', 'RESTAURANTE_1', "admin"),
('SALES_ADMIN_RESTAURANT', 'EMPRESA_1', "admin"),
('SALES_SELLER_RESTAURANT', 'EMPRESA_1', "admin"),
('SALES_CLIENT_RESTAURANT', 'EMPRESA_1', "admin"),
('RESERVATION_ADMIN', 'EMPRESA_1', "admin"),
('QA_ADMIN', 'EMPRESA_1', "admin"),
('PROJECTS_ADMIN', 'EMPRESA_1', "admin"),
('ACCOUNTING_ADMIN', 'EMPRESA_1', "admin"),
('ASSIST_CONTROL_ADMIN', 'EMPRESA_1', "admin"),
('SALARY_SHEET_ADMIN', 'EMPRESA_1', "admin"),
('TICKETS_ADMIN', 'EMPRESA_1', "admin"),
('ADMIN_USERS_BY_TENANT', 'EMPRESA_1', "admin"),
('ALCALDIA_RECURSOS_MUNICIPALES_ENCARGADO', 'EMPRESA_1', "admin"),
('ALCALDIA_RECURSOS_MUNICIPALES_CAJERO', 'EMPRESA_1', "admin");
