-- ALCALDIA-RECURSOS-MUNICIPALES
INSERT INTO alcaldia_recursos_municipales (codigo, name, precio, tenant, created_by, creation_date) VALUES ("12110", "VENTA DE SITIOS CEMENTERIO", "0", "EMPRESA_1", "RecursosMunicipalesEncargado", "2021-11-01");
INSERT INTO alcaldia_recursos_municipales (codigo, name, precio, tenant, created_by, creation_date) VALUES ("12210", "VALORES MUNICIPALES", "0", "EMPRESA_1", "RecursosMunicipalesEncargado", "2021-11-01");
INSERT INTO alcaldia_recursos_municipales (codigo, name, precio, tenant, created_by, creation_date) VALUES ("12240", "RESOLUCION MUNICIPAL", "15", "EMPRESA_1", "RecursosMunicipalesEncargado", "2021-11-01");
INSERT INTO alcaldia_recursos_municipales (codigo, name, precio, tenant, created_by, creation_date) VALUES ("12250", "TIMBRES", "0", "EMPRESA_1", "RecursosMunicipalesEncargado", "2021-11-01");
INSERT INTO alcaldia_recursos_municipales (codigo, name, precio, tenant, created_by, creation_date) VALUES ("12260", "PASE DE INHUMACION / EXHUMACION", "0", "EMPRESA_1", "RecursosMunicipalesEncargado", "2021-11-01");
INSERT INTO alcaldia_recursos_municipales (codigo, name, precio, tenant, created_by, creation_date) VALUES ("13340", "IMPUESTO PRODUCCION DE CHICHA", "0", "EMPRESA_1", "RecursosMunicipalesEncargado", "2021-11-01");
INSERT INTO alcaldia_recursos_municipales (codigo, name, precio, tenant, created_by, creation_date) VALUES ("13351", "PATENTES DE FUNCIONAMIENTO", "0", "EMPRESA_1", "RecursosMunicipalesEncargado", "2021-11-01");
INSERT INTO alcaldia_recursos_municipales (codigo, name, precio, tenant, created_by, creation_date) VALUES ("13352", "PATENTE A LOS ESPECTACULOS PUBLICOS", "0", "EMPRESA_1", "RecursosMunicipalesEncargado", "2021-11-01");
INSERT INTO alcaldia_recursos_municipales (codigo, name, precio, tenant, created_by, creation_date) VALUES ("15110", "APROBACION DE PLANOS", "0", "EMPRESA_1", "RecursosMunicipalesEncargado", "2021-11-01");
INSERT INTO alcaldia_recursos_municipales (codigo, name, precio, tenant, created_by, creation_date) VALUES ("15111", "VISACION DE MINUTA", "25", "EMPRESA_1", "RecursosMunicipalesEncargado", "2021-11-01");
INSERT INTO alcaldia_recursos_municipales (codigo, name, precio, tenant, created_by, creation_date) VALUES ("15112", "AUTORIZACION DE TRABAJOS MENORES", "0", "EMPRESA_1", "RecursosMunicipalesEncargado", "2021-11-01");
INSERT INTO alcaldia_recursos_municipales (codigo, name, precio, tenant, created_by, creation_date) VALUES ("15113", "LIMPIEZA PUBLICA", "2", "EMPRESA_1", "RecursosMunicipalesEncargado", "2021-11-01");
INSERT INTO alcaldia_recursos_municipales (codigo, name, precio, tenant, created_by, creation_date) VALUES ("15131", "REPOSICION DE COMPROBANTE", "2", "EMPRESA_1", "RecursosMunicipalesEncargado", "2021-11-01");
INSERT INTO alcaldia_recursos_municipales (codigo, name, precio, tenant, created_by, creation_date) VALUES ("15311", "TALA DE ARBOLES", "0", "EMPRESA_1", "RecursosMunicipalesEncargado", "2021-11-01");
INSERT INTO alcaldia_recursos_municipales (codigo, name, precio, tenant, created_by, creation_date) VALUES ("15510", "MULTAS Y RECARGOS", "46", "EMPRESA_1", "RecursosMunicipalesEncargado", "2021-11-01");
INSERT INTO alcaldia_recursos_municipales (codigo, name, precio, tenant, created_by, creation_date) VALUES ("15900", "OTROS INGRESOS", "0", "EMPRESA_1", "RecursosMunicipalesEncargado", "2021-11-01");
INSERT INTO alcaldia_recursos_municipales (codigo, name, precio, tenant, created_by, creation_date) VALUES ("23110", "APORTES BENEFICIARIOS", "0", "EMPRESA_1", "RecursosMunicipalesEncargado", "2021-11-01");
INSERT INTO alcaldia_recursos_municipales (codigo, name, precio, tenant, created_by, creation_date) VALUES ("15990", "OTROS INGRESOS NO ESPECIFICADOS", "0", "EMPRESA_1", "RecursosMunicipalesEncargado", "2021-11-01");
INSERT INTO alcaldia_recursos_municipales (codigo, name, precio, tenant, created_by, creation_date) VALUES ("13353", "PATENTE SOBRE FERIA KJAK`A LAWA", "0", "EMPRESA_1", "RecursosMunicipalesEncargado", "2021-11-01");
INSERT INTO alcaldia_recursos_municipales (codigo, name, precio, tenant, created_by, creation_date) VALUES ("15520", "MULTAS POR MORA EN PAGO DE IMPUESTOS", "0", "EMPRESA_1", "RecursosMunicipalesEncargado", "2021-11-01");
INSERT INTO alcaldia_recursos_municipales (codigo, name, precio, tenant, created_by, creation_date) VALUES ("15521", "MULTAS POR LETREROS IRREGULARES", "0", "EMPRESA_1", "RecursosMunicipalesEncargado", "2021-11-01");
INSERT INTO alcaldia_recursos_municipales (codigo, name, precio, tenant, created_by, creation_date) VALUES ("12310", "VENTA DE SERVICIOS HOSPITALARIOS", "0", "EMPRESA_1", "RecursosMunicipalesEncargado", "2021-11-01");
INSERT INTO alcaldia_recursos_municipales (codigo, name, precio, tenant, created_by, creation_date) VALUES ("12320", "VENTA DE MEDICAMENTOS", "0", "EMPRESA_1", "RecursosMunicipalesEncargado", "2021-11-01");
INSERT INTO alcaldia_recursos_municipales (codigo, name, precio, tenant, created_by, creation_date) VALUES ("13310", "IMPUESTO A LA PROPIEDAD DE BIENES INMUEBLES", "0", "EMPRESA_1", "RecursosMunicipalesEncargado", "2021-11-01");
INSERT INTO alcaldia_recursos_municipales (codigo, name, precio, tenant, created_by, creation_date) VALUES ("13330", "IMPUESTO A LA PROPIEDAD DE VEHIC.AUTM.", "0", "EMPRESA_1", "RecursosMunicipalesEncargado", "2021-11-01");
INSERT INTO alcaldia_recursos_municipales (codigo, name, precio, tenant, created_by, creation_date) VALUES ("13345", "IMPUESTO A LA TRANSFERENCIA DE BIENES INMUEBLES", "0", "EMPRESA_1", "RecursosMunicipalesEncargado", "2021-11-01");
INSERT INTO alcaldia_recursos_municipales (codigo, name, precio, tenant, created_by, creation_date) VALUES ("13346", "IMPUESTO A LA TRANSF. DE VEHIC.AUTOMOT.", "0", "EMPRESA_1", "RecursosMunicipalesEncargado", "2021-11-01");
INSERT INTO alcaldia_recursos_municipales (codigo, name, precio, tenant, created_by, creation_date) VALUES ("15410", "PEAJE (MEJORAMIENTO DE VIAS)", "0", "EMPRESA_1", "RecursosMunicipalesEncargado", "2021-11-01");
INSERT INTO alcaldia_recursos_municipales (codigo, name, precio, tenant, created_by, creation_date) VALUES ("13354", "PATENTE A LA TRANSFORMACION DE GANADO", "0", "EMPRESA_1", "RecursosMunicipalesEncargado", "2021-11-01");
INSERT INTO alcaldia_recursos_municipales (codigo, name, precio, tenant, created_by, creation_date) VALUES ("12220", "SENTAJE", "0", "EMPRESA_1", "RecursosMunicipalesEncargado", "2021-11-01");
INSERT INTO alcaldia_recursos_municipales (codigo, name, precio, tenant, created_by, creation_date) VALUES ("15115", "AFORACION DE PESAS Y MEDIDAS", "0", "EMPRESA_1", "RecursosMunicipalesEncargado", "2021-11-01");
INSERT INTO alcaldia_recursos_municipales (codigo, name, precio, tenant, created_by, creation_date) VALUES ("15114", "MINGITORIOS", "0", "EMPRESA_1", "RecursosMunicipalesEncargado", "2021-11-01");
INSERT INTO alcaldia_recursos_municipales (codigo, name, precio, tenant, created_by, creation_date) VALUES ("16500", "ALQUILERES", "0", "EMPRESA_1", "RecursosMunicipalesEncargado", "2021-11-01");
INSERT INTO alcaldia_recursos_municipales (codigo, name, precio, tenant, created_by, creation_date) VALUES ("16501", "OTRAS CUENTAS A COBRAR A CORTO PLAZO", "0", "EMPRESA_1", "RecursosMunicipalesEncargado", "2021-11-01");
INSERT INTO alcaldia_recursos_municipales (codigo, name, precio, tenant, created_by, creation_date) VALUES ("23111", "APORTE VECINAL (ALCANTARILLADO F.N.D.R.)", "0", "EMPRESA_1", "RecursosMunicipalesEncargado", "2021-11-01");
INSERT INTO alcaldia_recursos_municipales (codigo, name, precio, tenant, created_by, creation_date) VALUES ("15100", "TAZA POR SERVICIO DE ALCANTARILLADO", "0", "EMPRESA_1", "RecursosMunicipalesEncargado", "2021-11-01");

-- ALCALDIA-RECURSOS-MUNICIPALES_VENTA
INSERT INTO alcaldia_recursos_municipales_venta (cliente_nombre, cliente_ci_nit, direccion, nota, venta_status, venta_precio_total, cliente_dinero, cliente_cambio, tenant, created_by, creation_date) VALUES ("ADRIANA_HERNANDEZ", "3390827", "Colcapirhua", "", "ACTIVO", "250" , "300", "50", "EMPRESA_1", "RecursosMunicipalesEncargado", "2023-05-26");
INSERT INTO alcaldia_recursos_municipales_venta (cliente_nombre, cliente_ci_nit, direccion, nota, venta_status, venta_precio_total, cliente_dinero, cliente_cambio, tenant, created_by, creation_date) VALUES ("ADRIANA_SANCHEZ", "1790656", "Colcapirhua", "", "ANULADO", "48" , "60", "12", "EMPRESA_1", "RecursosMunicipalesEncargado", "2023-05-26");
INSERT INTO alcaldia_recursos_municipales_venta (cliente_nombre, cliente_ci_nit, direccion, nota, venta_status, venta_precio_total, cliente_dinero, cliente_cambio, tenant, created_by, creation_date) VALUES ("ALEJANDRO_ABONDANO", "8630841", "Colcapirhua", "", "ACTIVO", "10" , "30", "20", "EMPRESA_1", "RecursosMunicipalesEncargado", "2023-05-26");
INSERT INTO alcaldia_recursos_municipales_venta (cliente_nombre, cliente_ci_nit, direccion, nota, venta_status, venta_precio_total, cliente_dinero, cliente_cambio, tenant, created_by, creation_date) VALUES ("ALEXANDER_CARVAJAL", "7992119", "Colcapirhua", "", "ANULADO", "50" , "100", "50", "EMPRESA_1", "RecursosMunicipalesEncargado", "2023-05-26");
INSERT INTO alcaldia_recursos_municipales_venta (cliente_nombre, cliente_ci_nit, direccion, nota, venta_status, venta_precio_total, cliente_dinero, cliente_cambio, tenant, created_by, creation_date) VALUES ("ANDRES_VILLA", "8952074", "Colcapirhua", "", "ACTIVO", "48" , "50", "2", "EMPRESA_1", "RecursosMunicipalesEncargado", "2023-05-26");
INSERT INTO alcaldia_recursos_municipales_venta (cliente_nombre, cliente_ci_nit, direccion, nota, venta_status, venta_precio_total, cliente_dinero, cliente_cambio, tenant, created_by, creation_date) VALUES ("CAMILO_VILLAMIZAR", "7171467", "Colcapirhua", "", "ACTIVO", "250" , "300", "50", "EMPRESA_1", "RecursosMunicipalesEncargado", "2023-05-26");
INSERT INTO alcaldia_recursos_municipales_venta (cliente_nombre, cliente_ci_nit, direccion, nota, venta_status, venta_precio_total, cliente_dinero, cliente_cambio, tenant, created_by, creation_date) VALUES ("ALEJANDRO_FORERO", "8976966", "Colcapirhua", "", "ANULADO", "34" , "50", "16", "EMPRESA_1", "RecursosMunicipalesEncargado", "2023-05-26");
INSERT INTO alcaldia_recursos_municipales_venta (cliente_nombre, cliente_ci_nit, direccion, nota, venta_status, venta_precio_total, cliente_dinero, cliente_cambio, tenant, created_by, creation_date) VALUES ("GABRIEL_BUSTOS", "9193945", "Colcapirhua", "", "ANULADO", "250" , "300", "50", "EMPRESA_1", "RecursosMunicipalesEncargado", "2023-05-26");
INSERT INTO alcaldia_recursos_municipales_venta (cliente_nombre, cliente_ci_nit, direccion, nota, venta_status, venta_precio_total, cliente_dinero, cliente_cambio, tenant, created_by, creation_date) VALUES ("ESTEBAN_BOTERO", "6119078", "Colcapirhua", "", "ACTIVO", "50" , "100", "50", "EMPRESA_1", "RecursosMunicipalesEncargado", "2023-05-26");
INSERT INTO alcaldia_recursos_municipales_venta (cliente_nombre, cliente_ci_nit, direccion, nota, venta_status, venta_precio_total, cliente_dinero, cliente_cambio, tenant, created_by, creation_date) VALUES ("MARIO_OROZCO", "5526176", "Colcapirhua", "", "ACTIVO", "90" , "100", "10", "EMPRESA_1", "RecursosMunicipalesEncargado", "2023-05-26");
INSERT INTO alcaldia_recursos_municipales_venta (cliente_nombre, cliente_ci_nit, direccion, nota, venta_status, venta_precio_total, cliente_dinero, cliente_cambio, tenant, created_by, creation_date) VALUES ("GUILLERMO_ZUBIETA", "8559588", "Colcapirhua", "", "ANULADO", "250" , "300", "50", "EMPRESA_1", "RecursosMunicipalesEncargado", "2023-05-26");
INSERT INTO alcaldia_recursos_municipales_venta (cliente_nombre, cliente_ci_nit, direccion, nota, venta_status, venta_precio_total, cliente_dinero, cliente_cambio, tenant, created_by, creation_date) VALUES ("RICARDO_ZAMBRANO", "9265527", "Colcapirhua", "", "ACTIVO", "50" , "100", "50", "EMPRESA_1", "RecursosMunicipalesEncargado", "2023-05-26");
INSERT INTO alcaldia_recursos_municipales_venta (cliente_nombre, cliente_ci_nit, direccion, nota, venta_status, venta_precio_total, cliente_dinero, cliente_cambio, tenant, created_by, creation_date) VALUES ("JOSE_GARCIA", "3848683", "Colcapirhua", "", "ACTIVO", "98" , "100", "20", "EMPRESA_1", "RecursosMunicipalesEncargado", "2023-05-26");
INSERT INTO alcaldia_recursos_municipales_venta (cliente_nombre, cliente_ci_nit, direccion, nota, venta_status, venta_precio_total, cliente_dinero, cliente_cambio, tenant, created_by, creation_date) VALUES ("LEONARDO_DUENAS", "2105023", "Colcapirhua", "", "ANULADO", "250" , "300", "50", "EMPRESA_1", "RecursosMunicipalesEncargado", "2023-05-26");
INSERT INTO alcaldia_recursos_municipales_venta (cliente_nombre, cliente_ci_nit, direccion, nota, venta_status, venta_precio_total, cliente_dinero, cliente_cambio, tenant, created_by, creation_date) VALUES ("YIRIAM_OCHOA", "1119730", "Colcapirhua", "", "ANULADO", "250" , "300", "50", "EMPRESA_1", "RecursosMunicipalesEncargado", "2023-05-26");
INSERT INTO alcaldia_recursos_municipales_venta (cliente_nombre, cliente_ci_nit, direccion, nota, venta_status, venta_precio_total, cliente_dinero, cliente_cambio, tenant, created_by, creation_date) VALUES ("YURANY_MENDEZ", "2519585", "Colcapirhua", "", "ANULADO", "40" , "50", "10", "EMPRESA_1", "RecursosMunicipalesEncargado", "2023-05-26");
INSERT INTO alcaldia_recursos_municipales_venta (cliente_nombre, cliente_ci_nit, direccion, nota, venta_status, venta_precio_total, cliente_dinero, cliente_cambio, tenant, created_by, creation_date) VALUES ("NATALIA_CONTRERAS", "3035904", "Colcapirhua", "", "ANULADO", "250" , "300", "50", "EMPRESA_1", "RecursosMunicipalesEncargado", "2023-05-26");
INSERT INTO alcaldia_recursos_municipales_venta (cliente_nombre, cliente_ci_nit, direccion, nota, venta_status, venta_precio_total, cliente_dinero, cliente_cambio, tenant, created_by, creation_date) VALUES ("ANDREA_VELASCO", "3664558", "Colcapirhua", "", "ACTIVO", "50" , "100", "50", "EMPRESA_1", "RecursosMunicipalesEncargado", "2023-05-26");
INSERT INTO alcaldia_recursos_municipales_venta (cliente_nombre, cliente_ci_nit, direccion, nota, venta_status, venta_precio_total, cliente_dinero, cliente_cambio, tenant, created_by, creation_date) VALUES ("MARIANA_SANTOS", "8060988", "Colcapirhua", "", "ACTIVO", "250" , "300", "50", "EMPRESA_1", "RecursosMunicipalesEncargado", "2023-05-26");
INSERT INTO alcaldia_recursos_municipales_venta (cliente_nombre, cliente_ci_nit, direccion, nota, venta_status, venta_precio_total, cliente_dinero, cliente_cambio, tenant, created_by, creation_date) VALUES ("MARIA_MORENO", "3695400", "Colcapirhua", "", "ANULADO", "69" , "70", "1", "EMPRESA_1", "RecursosMunicipalesEncargado", "2023-05-26");
INSERT INTO alcaldia_recursos_municipales_venta (cliente_nombre, cliente_ci_nit, direccion, nota, venta_status, venta_precio_total, cliente_dinero, cliente_cambio, tenant, created_by, creation_date) VALUES ("MARCELA_RUEDA", "6149557", "Colcapirhua", "", "ACTIVO", "82" , "100", "18", "EMPRESA_1", "RecursosMunicipalesEncargado", "2023-05-26");
INSERT INTO alcaldia_recursos_municipales_venta (cliente_nombre, cliente_ci_nit, direccion, nota, venta_status, venta_precio_total, cliente_dinero, cliente_cambio, tenant, created_by, creation_date) VALUES ("LISETH_VILLAMIL", "1818804", "Colcapirhua", "", "ANULADO", "56" , "100", "44", "EMPRESA_1", "RecursosMunicipalesEncargado", "2023-05-26");
INSERT INTO alcaldia_recursos_municipales_venta (cliente_nombre, cliente_ci_nit, direccion, nota, venta_status, venta_precio_total, cliente_dinero, cliente_cambio, tenant, created_by, creation_date) VALUES ("TATIANA_SIERRA", "2575825", "Colcapirhua", "", "ACTIVO", "50" , "100", "50", "EMPRESA_1", "RecursosMunicipalesEncargado", "2023-05-26");
INSERT INTO alcaldia_recursos_municipales_venta (cliente_nombre, cliente_ci_nit, direccion, nota, venta_status, venta_precio_total, cliente_dinero, cliente_cambio, tenant, created_by, creation_date) VALUES ("LAURA_AYERBE", "2813910", "Colcapirhua", "", "ANULADO", "250" , "300", "50", "EMPRESA_1", "RecursosMunicipalesEncargado", "2023-05-26");
INSERT INTO alcaldia_recursos_municipales_venta (cliente_nombre, cliente_ci_nit, direccion, nota, venta_status, venta_precio_total, cliente_dinero, cliente_cambio, tenant, created_by, creation_date) VALUES ("LINA_RAMIREZ", "5203268", "Colcapirhua", "", "ACTIVO", "250" , "300", "50", "EMPRESA_1", "RecursosMunicipalesEncargado", "2023-05-26");
INSERT INTO alcaldia_recursos_municipales_venta (cliente_nombre, cliente_ci_nit, direccion, nota, venta_status, venta_precio_total, cliente_dinero, cliente_cambio, tenant, created_by, creation_date) VALUES ("ABRAHAM_ALANDIA", "1296705", "Colcapirhua", "", "ANULADO", "45" , "50", "5", "EMPRESA_1", "RecursosMunicipalesEncargado", "2023-05-26");
INSERT INTO alcaldia_recursos_municipales_venta (cliente_nombre, cliente_ci_nit, direccion, nota, venta_status, venta_precio_total, cliente_dinero, cliente_cambio, tenant, created_by, creation_date) VALUES ("HUGO_ROJAS", "6705735", "Colcapirhua", "", "ACTIVO", "250" , "300", "50", "EMPRESA_1", "RecursosMunicipalesEncargado", "2023-05-26");
INSERT INTO alcaldia_recursos_municipales_venta (cliente_nombre, cliente_ci_nit, direccion, nota, venta_status, venta_precio_total, cliente_dinero, cliente_cambio, tenant, created_by, creation_date) VALUES ("REYNALDO_SEGALES", "1552512", "Colcapirhua", "", "ACTIVO", "250" , "300", "50", "EMPRESA_1", "RecursosMunicipalesEncargado", "2023-05-26");
INSERT INTO alcaldia_recursos_municipales_venta (cliente_nombre, cliente_ci_nit, direccion, nota, venta_status, venta_precio_total, cliente_dinero, cliente_cambio, tenant, created_by, creation_date) VALUES ("EDDY_RIVERO", "9235689", "Colcapirhua", "", "ANULADO", "67" , "70", "3", "EMPRESA_1", "RecursosMunicipalesEncargado", "2023-05-26");
INSERT INTO alcaldia_recursos_municipales_venta (cliente_nombre, cliente_ci_nit, direccion, nota, venta_status, venta_precio_total, cliente_dinero, cliente_cambio, tenant, created_by, creation_date) VALUES ("ALFONSO_VILLAVICENCIO", "4726829", "Colcapirhua", "", "ACTIVO", "68" , "200", "132", "EMPRESA_1", "RecursosMunicipalesEncargado", "2023-05-26");
INSERT INTO alcaldia_recursos_municipales_venta (cliente_nombre, cliente_ci_nit, direccion, nota, venta_status, venta_precio_total, cliente_dinero, cliente_cambio, tenant, created_by, creation_date) VALUES ("PEDRO_precioYA", "5154533", "Colcapirhua", "", "ANULADO", "250" , "300", "50", "EMPRESA_1", "RecursosMunicipalesEncargado", "2023-05-26");
INSERT INTO alcaldia_recursos_municipales_venta (cliente_nombre, cliente_ci_nit, direccion, nota, venta_status, venta_precio_total, cliente_dinero, cliente_cambio, tenant, created_by, creation_date) VALUES ("ROBERTO_BLADES", "", "Colcapirhua", "", "ACTIVO", "50" , "100", "50", "EMPRESA_1", "RecursosMunicipalesEncargado", "2023-05-26");
INSERT INTO alcaldia_recursos_municipales_venta (cliente_nombre, cliente_ci_nit, direccion, nota, venta_status, venta_precio_total, cliente_dinero, cliente_cambio, tenant, created_by, creation_date) VALUES ("LUIS_VERA", "5464085", "Colcapirhua", "", "ACTIVO", "10" , "50", "40", "EMPRESA_1", "RecursosMunicipalesEncargado", "2023-05-26");
INSERT INTO alcaldia_recursos_municipales_venta (cliente_nombre, cliente_ci_nit, direccion, nota, venta_status, venta_precio_total, cliente_dinero, cliente_cambio, tenant, created_by, creation_date) VALUES ("MARCELO_ESTRADA", "6027347", "Colcapirhua", "", "ANULADO", "250" , "300", "50", "EMPRESA_1", "RecursosMunicipalesEncargado", "2023-05-26");
INSERT INTO alcaldia_recursos_municipales_venta (cliente_nombre, cliente_ci_nit, direccion, nota, venta_status, venta_precio_total, cliente_dinero, cliente_cambio, tenant, created_by, creation_date) VALUES ("FERNANDO_ARAMBURO", "6786256", "Colcapirhua", "", "ACTIVO", "50" , "100", "50", "EMPRESA_1", "RecursosMunicipalesEncargado", "2023-05-26");
INSERT INTO alcaldia_recursos_municipales_venta (cliente_nombre, cliente_ci_nit, direccion, nota, venta_status, venta_precio_total, cliente_dinero, cliente_cambio, tenant, created_by, creation_date) VALUES ("ALBERTO_LOPEZ", "8751865", "Colcapirhua", "", "ACTIVO", "300" , "1000", "700", "EMPRESA_1", "RecursosMunicipalesEncargado", "2023-05-26");
INSERT INTO alcaldia_recursos_municipales_venta (cliente_nombre, cliente_ci_nit, direccion, nota, venta_status, venta_precio_total, cliente_dinero, cliente_cambio, tenant, created_by, creation_date) VALUES ("LOURDES_ZEGALES", "6382097", "Colcapirhua", "", "ANULADO", "250" , "300", "50", "EMPRESA_1", "RecursosMunicipalesEncargado", "2023-05-26");
INSERT INTO alcaldia_recursos_municipales_venta (cliente_nombre, cliente_ci_nit, direccion, nota, venta_status, venta_precio_total, cliente_dinero, cliente_cambio, tenant, created_by, creation_date) VALUES ("CAROL_VARGAS", "7527750", "Colcapirhua", "", "ANULADO", "18" , "30", "12", "EMPRESA_1", "RecursosMunicipalesEncargado", "2023-05-26");
INSERT INTO alcaldia_recursos_municipales_venta (cliente_nombre, cliente_ci_nit, direccion, nota, venta_status, venta_precio_total, cliente_dinero, cliente_cambio, tenant, created_by, creation_date) VALUES ("JUDITH_LOAYZA", "1646638", "Colcapirhua", "", "ACTIVO", "50" , "100", "50", "EMPRESA_1", "RecursosMunicipalesEncargado", "2023-05-26");
INSERT INTO alcaldia_recursos_municipales_venta (cliente_nombre, cliente_ci_nit, direccion, nota, venta_status, venta_precio_total, cliente_dinero, cliente_cambio, tenant, created_by, creation_date) VALUES ("ALICIA_CHAMBI", "3445853", "Colcapirhua", "", "ACTIVO", "250" , "300", "50", "EMPRESA_1", "RecursosMunicipalesEncargado", "2023-05-26");
INSERT INTO alcaldia_recursos_municipales_venta (cliente_nombre, cliente_ci_nit, direccion, nota, venta_status, venta_precio_total, cliente_dinero, cliente_cambio, tenant, created_by, creation_date) VALUES ("ALEJANDRO_AGUILAR", "3339047", "Colcapirhua", "", "ACTIVO", "25" , "50", "25", "EMPRESA_1", "RecursosMunicipalesEncargado", "2023-05-26");
INSERT INTO alcaldia_recursos_municipales_venta (cliente_nombre, cliente_ci_nit, direccion, nota, venta_status, venta_precio_total, cliente_dinero, cliente_cambio, tenant, created_by, creation_date) VALUES ("LUIS_ROSSEL", "4573009", "Colcapirhua", "", "ACTIVO", "250" , "300", "50", "EMPRESA_1", "RecursosMunicipalesEncargado", "2023-05-26");
INSERT INTO alcaldia_recursos_municipales_venta (cliente_nombre, cliente_ci_nit, direccion, nota, venta_status, venta_precio_total, cliente_dinero, cliente_cambio, tenant, created_by, creation_date) VALUES ("GUSTAVO_APARICIO", "5208498", "Colcapirhua", "", "ANULADO", "100" , "200", "100", "EMPRESA_1", "RecursosMunicipalesEncargado", "2023-05-26");
INSERT INTO alcaldia_recursos_municipales_venta (cliente_nombre, cliente_ci_nit, direccion, nota, venta_status, venta_precio_total, cliente_dinero, cliente_cambio, tenant, created_by, creation_date) VALUES ("ADOLFO_ERGUETA", "8160319", "Colcapirhua", "", "ACTIVO", "25" , "50", "25", "EMPRESA_1", "RecursosMunicipalesEncargado", "2023-05-26");
INSERT INTO alcaldia_recursos_municipales_venta (cliente_nombre, cliente_ci_nit, direccion, nota, venta_status, venta_precio_total, cliente_dinero, cliente_cambio, tenant, created_by, creation_date) VALUES ("FERNANDO_DEHEZA", "9201192", "Colcapirhua", "", "ACTIVO", "250" , "300", "50", "EMPRESA_1", "RecursosMunicipalesEncargado", "2023-05-26");
INSERT INTO alcaldia_recursos_municipales_venta (cliente_nombre, cliente_ci_nit, direccion, nota, venta_status, venta_precio_total, cliente_dinero, cliente_cambio, tenant, created_by, creation_date) VALUES ("RAMIRO_PINAYA", "3085683", "Colcapirhua", "", "ACTIVO", "16" , "30", "14", "EMPRESA_1", "RecursosMunicipalesEncargado", "2023-05-26");
INSERT INTO alcaldia_recursos_municipales_venta (cliente_nombre, cliente_ci_nit, direccion, nota, venta_status, venta_precio_total, cliente_dinero, cliente_cambio, tenant, created_by, creation_date) VALUES ("MARCOS_CASTELLON", "5786944", "Colcapirhua", "", "ANULADO", "25" , "50", "25", "EMPRESA_1", "RecursosMunicipalesEncargado", "2023-05-26");
INSERT INTO alcaldia_recursos_municipales_venta (cliente_nombre, cliente_ci_nit, direccion, nota, venta_status, venta_precio_total, cliente_dinero, cliente_cambio, tenant, created_by, creation_date) VALUES ("VERONICA_ZEBALLOS", "9686708", "Colcapirhua", "", "ACTIVO", "20" , "100", "80", "EMPRESA_1", "RecursosMunicipalesEncargado", "2023-05-26");
INSERT INTO alcaldia_recursos_municipales_venta (cliente_nombre, cliente_ci_nit, direccion, nota, venta_status, venta_precio_total, cliente_dinero, cliente_cambio, tenant, created_by, creation_date) VALUES ("RAQUEL_CLAVIJO", "8544316", "Colcapirhua", "", "ACTIVO", "250" , "300", "50", "EMPRESA_1", "RecursosMunicipalesEncargado", "2023-05-26");
INSERT INTO alcaldia_recursos_municipales_venta (cliente_nombre, cliente_ci_nit, direccion, nota, venta_status, venta_precio_total, cliente_dinero, cliente_cambio, tenant, created_by, creation_date) VALUES ("PATTY_CANAVIRI", "6762800", "Colcapirhua", "", "ANULADO", "46" , "50", "4", "EMPRESA_1", "RecursosMunicipalesEncargado", "2023-05-26");

-- ALCALDIA-RECURSOS-MUNICIPALES_VENTA_DETALLE
INSERT INTO alcaldia_recursos_municipales_venta_detalle (recurso_municipal_codigo, id_venta, precio_unidad, cantidad, tenant, created_by, creation_date) VALUES ("12110", (select id from alcaldia_recursos_municipales_venta where cliente_nombre='ADRIANA_HERNANDEZ'), "0", "3", "EMPRESA_1", "RecursosMunicipalesEncargado", "2023-05-26");
INSERT INTO alcaldia_recursos_municipales_venta_detalle (recurso_municipal_codigo, id_venta, precio_unidad, cantidad, tenant, created_by, creation_date) VALUES ("12210", (select id from alcaldia_recursos_municipales_venta where cliente_nombre='PATTY_CANAVIRI'), "0", "1", "EMPRESA_1", "RecursosMunicipalesEncargado", "2023-05-25");
INSERT INTO alcaldia_recursos_municipales_venta_detalle (recurso_municipal_codigo, id_venta, precio_unidad, cantidad, tenant, created_by, creation_date) VALUES ("12240", (select id from alcaldia_recursos_municipales_venta where cliente_nombre='VERONICA_ZEBALLOS'), "15", "2", "EMPRESA_1", "RecursosMunicipalesEncargado", "2023-05-24");
INSERT INTO alcaldia_recursos_municipales_venta_detalle (recurso_municipal_codigo, id_venta, precio_unidad, cantidad, tenant, created_by, creation_date) VALUES ("12250", (select id from alcaldia_recursos_municipales_venta where cliente_nombre='RAQUEL_CLAVIJO'), "0", "1", "EMPRESA_1", "RecursosMunicipalesEncargado", "2023-05-26");
INSERT INTO alcaldia_recursos_municipales_venta_detalle (recurso_municipal_codigo, id_venta, precio_unidad, cantidad, tenant, created_by, creation_date) VALUES ("12260", (select id from alcaldia_recursos_municipales_venta where cliente_nombre='MARCOS_CASTELLON'), "0", "2", "EMPRESA_1", "RecursosMunicipalesEncargado", "2023-05-25");
INSERT INTO alcaldia_recursos_municipales_venta_detalle (recurso_municipal_codigo, id_venta, precio_unidad, cantidad, tenant, created_by, creation_date) VALUES ("13340", (select id from alcaldia_recursos_municipales_venta where cliente_nombre='RAMIRO_PINAYA'), "0", "3", "EMPRESA_1", "RecursosMunicipalesEncargado", "2023-05-24");
INSERT INTO alcaldia_recursos_municipales_venta_detalle (recurso_municipal_codigo, id_venta, precio_unidad, cantidad, tenant, created_by, creation_date) VALUES ("13351", (select id from alcaldia_recursos_municipales_venta where cliente_nombre='FERNANDO_DEHEZA'), "0", "1", "EMPRESA_1", "RecursosMunicipalesEncargado", "2023-05-26");
INSERT INTO alcaldia_recursos_municipales_venta_detalle (recurso_municipal_codigo, id_venta, precio_unidad, cantidad, tenant, created_by, creation_date) VALUES ("13352", (select id from alcaldia_recursos_municipales_venta where cliente_nombre='ADOLFO_ERGUETA'), "0", "2", "EMPRESA_1", "RecursosMunicipalesEncargado", "2023-05-25");
INSERT INTO alcaldia_recursos_municipales_venta_detalle (recurso_municipal_codigo, id_venta, precio_unidad, cantidad, tenant, created_by, creation_date) VALUES ("15111", (select id from alcaldia_recursos_municipales_venta where cliente_nombre='GUSTAVO_APARICIO'), "25", "1", "EMPRESA_1", "RecursosMunicipalesEncargado", "2023-05-24");
INSERT INTO alcaldia_recursos_municipales_venta_detalle (recurso_municipal_codigo, id_venta, precio_unidad, cantidad, tenant, created_by, creation_date) VALUES ("15131", (select id from alcaldia_recursos_municipales_venta where cliente_nombre='LUIS_ROSSEL'), "2", "3", "EMPRESA_1", "RecursosMunicipalesEncargado", "2023-05-26");
INSERT INTO alcaldia_recursos_municipales_venta_detalle (recurso_municipal_codigo, id_venta, precio_unidad, cantidad, tenant, created_by, creation_date) VALUES ("12110", (select id from alcaldia_recursos_municipales_venta where cliente_nombre='ALEJANDRO_AGUILAR'), "0", "3", "EMPRESA_1", "RecursosMunicipalesEncargado", "2023-05-25");
INSERT INTO alcaldia_recursos_municipales_venta_detalle (recurso_municipal_codigo, id_venta, precio_unidad, cantidad, tenant, created_by, creation_date) VALUES ("12210", (select id from alcaldia_recursos_municipales_venta where cliente_nombre='ALICIA_CHAMBI'), "0", "1", "EMPRESA_1", "RecursosMunicipalesEncargado", "2023-05-24");
INSERT INTO alcaldia_recursos_municipales_venta_detalle (recurso_municipal_codigo, id_venta, precio_unidad, cantidad, tenant, created_by, creation_date) VALUES ("12240", (select id from alcaldia_recursos_municipales_venta where cliente_nombre='JUDITH_LOAYZA'), "15", "2", "EMPRESA_1", "RecursosMunicipalesEncargado", "2023-05-26");
INSERT INTO alcaldia_recursos_municipales_venta_detalle (recurso_municipal_codigo, id_venta, precio_unidad, cantidad, tenant, created_by, creation_date) VALUES ("12250", (select id from alcaldia_recursos_municipales_venta where cliente_nombre='CAROL_VARGAS'), "0", "1", "EMPRESA_1", "RecursosMunicipalesEncargado", "2023-05-25");
INSERT INTO alcaldia_recursos_municipales_venta_detalle (recurso_municipal_codigo, id_venta, precio_unidad, cantidad, tenant, created_by, creation_date) VALUES ("12260", (select id from alcaldia_recursos_municipales_venta where cliente_nombre='LOURDES_ZEGALES'), "0", "2", "EMPRESA_1", "RecursosMunicipalesEncargado", "2023-05-24");
INSERT INTO alcaldia_recursos_municipales_venta_detalle (recurso_municipal_codigo, id_venta, precio_unidad, cantidad, tenant, created_by, creation_date) VALUES ("13340", (select id from alcaldia_recursos_municipales_venta where cliente_nombre='ALBERTO_LOPEZ'), "0", "3", "EMPRESA_1", "RecursosMunicipalesEncargado", "2023-05-26");
INSERT INTO alcaldia_recursos_municipales_venta_detalle (recurso_municipal_codigo, id_venta, precio_unidad, cantidad, tenant, created_by, creation_date) VALUES ("13351", (select id from alcaldia_recursos_municipales_venta where cliente_nombre='FERNANDO_ARAMBURO'), "0", "1", "EMPRESA_1", "RecursosMunicipalesEncargado", "2023-05-25");
INSERT INTO alcaldia_recursos_municipales_venta_detalle (recurso_municipal_codigo, id_venta, precio_unidad, cantidad, tenant, created_by, creation_date) VALUES ("13352", (select id from alcaldia_recursos_municipales_venta where cliente_nombre='MARCELO_ESTRADA'), "0", "2", "EMPRESA_1", "RecursosMunicipalesEncargado", "2023-05-26");
INSERT INTO alcaldia_recursos_municipales_venta_detalle (recurso_municipal_codigo, id_venta, precio_unidad, cantidad, tenant, created_by, creation_date) VALUES ("15111", (select id from alcaldia_recursos_municipales_venta where cliente_nombre='LUIS_VERA'), "25", "1", "EMPRESA_1", "RecursosMunicipalesEncargado", "2023-05-24");
INSERT INTO alcaldia_recursos_municipales_venta_detalle (recurso_municipal_codigo, id_venta, precio_unidad, cantidad, tenant, created_by, creation_date) VALUES ("15131", (select id from alcaldia_recursos_municipales_venta where cliente_nombre='ROBERTO_BLADES'), "2", "3", "EMPRESA_1", "RecursosMunicipalesEncargado", "2023-05-25");
INSERT INTO alcaldia_recursos_municipales_venta_detalle (recurso_municipal_codigo, id_venta, precio_unidad, cantidad, tenant, created_by, creation_date) VALUES ("12210", (select id from alcaldia_recursos_municipales_venta where cliente_nombre='ALFONSO_VILLAVICENCIO'), "0", "1", "EMPRESA_1", "RecursosMunicipalesEncargado", "2023-05-24");
INSERT INTO alcaldia_recursos_municipales_venta_detalle (recurso_municipal_codigo, id_venta, precio_unidad, cantidad, tenant, created_by, creation_date) VALUES ("12240", (select id from alcaldia_recursos_municipales_venta where cliente_nombre='EDDY_RIVERO'), "15", "2", "EMPRESA_1", "RecursosMunicipalesEncargado", "2023-05-25");
INSERT INTO alcaldia_recursos_municipales_venta_detalle (recurso_municipal_codigo, id_venta, precio_unidad, cantidad, tenant, created_by, creation_date) VALUES ("12250", (select id from alcaldia_recursos_municipales_venta where cliente_nombre='REYNALDO_SEGALES'), "0", "1", "EMPRESA_1", "RecursosMunicipalesEncargado", "2023-05-26");
INSERT INTO alcaldia_recursos_municipales_venta_detalle (recurso_municipal_codigo, id_venta, precio_unidad, cantidad, tenant, created_by, creation_date) VALUES ("12260", (select id from alcaldia_recursos_municipales_venta where cliente_nombre='HUGO_ROJAS'), "0", "2", "EMPRESA_1", "RecursosMunicipalesEncargado", "2023-05-24");
INSERT INTO alcaldia_recursos_municipales_venta_detalle (recurso_municipal_codigo, id_venta, precio_unidad, cantidad, tenant, created_by, creation_date) VALUES ("13340", (select id from alcaldia_recursos_municipales_venta where cliente_nombre='ABRAHAM_ALANDIA'), "0", "3", "EMPRESA_1", "RecursosMunicipalesEncargado", "2023-05-25");
INSERT INTO alcaldia_recursos_municipales_venta_detalle (recurso_municipal_codigo, id_venta, precio_unidad, cantidad, tenant, created_by, creation_date) VALUES ("13351", (select id from alcaldia_recursos_municipales_venta where cliente_nombre='LINA_RAMIREZ'), "0", "1", "EMPRESA_1", "RecursosMunicipalesEncargado", "2023-05-26");
INSERT INTO alcaldia_recursos_municipales_venta_detalle (recurso_municipal_codigo, id_venta, precio_unidad, cantidad, tenant, created_by, creation_date) VALUES ("13352", (select id from alcaldia_recursos_municipales_venta where cliente_nombre='LAURA_AYERBE'), "0", "2", "EMPRESA_1", "RecursosMunicipalesEncargado", "2023-05-24");
INSERT INTO alcaldia_recursos_municipales_venta_detalle (recurso_municipal_codigo, id_venta, precio_unidad, cantidad, tenant, created_by, creation_date) VALUES ("15111", (select id from alcaldia_recursos_municipales_venta where cliente_nombre='TATIANA_SIERRA'), "25", "1", "EMPRESA_1", "RecursosMunicipalesEncargado", "2023-05-25");
INSERT INTO alcaldia_recursos_municipales_venta_detalle (recurso_municipal_codigo, id_venta, precio_unidad, cantidad, tenant, created_by, creation_date) VALUES ("15131", (select id from alcaldia_recursos_municipales_venta where cliente_nombre='LISETH_VILLAMIL'), "2", "3", "EMPRESA_1", "RecursosMunicipalesEncargado", "2023-05-26");
INSERT INTO alcaldia_recursos_municipales_venta_detalle (recurso_municipal_codigo, id_venta, precio_unidad, cantidad, tenant, created_by, creation_date) VALUES ("15111", (select id from alcaldia_recursos_municipales_venta where cliente_nombre='MARCELA_RUEDA'), "25", "1", "EMPRESA_1", "RecursosMunicipalesEncargado", "2023-05-24");
INSERT INTO alcaldia_recursos_municipales_venta_detalle (recurso_municipal_codigo, id_venta, precio_unidad, cantidad, tenant, created_by, creation_date) VALUES ("15131", (select id from alcaldia_recursos_municipales_venta where cliente_nombre='MARIA_MORENO'), "2", "3", "EMPRESA_1", "RecursosMunicipalesEncargado", "2023-05-26");
INSERT INTO alcaldia_recursos_municipales_venta_detalle (recurso_municipal_codigo, id_venta, precio_unidad, cantidad, tenant, created_by, creation_date) VALUES ("12110", (select id from alcaldia_recursos_municipales_venta where cliente_nombre='MARIANA_SANTOS'), "0", "3", "EMPRESA_1", "RecursosMunicipalesEncargado", "2023-05-25");
INSERT INTO alcaldia_recursos_municipales_venta_detalle (recurso_municipal_codigo, id_venta, precio_unidad, cantidad, tenant, created_by, creation_date) VALUES ("12210", (select id from alcaldia_recursos_municipales_venta where cliente_nombre='ANDREA_VELASCO'), "0", "1", "EMPRESA_1", "RecursosMunicipalesEncargado", "2023-05-24");
INSERT INTO alcaldia_recursos_municipales_venta_detalle (recurso_municipal_codigo, id_venta, precio_unidad, cantidad, tenant, created_by, creation_date) VALUES ("12240", (select id from alcaldia_recursos_municipales_venta where cliente_nombre='NATALIA_CONTRERAS'), "15", "2", "EMPRESA_1", "RecursosMunicipalesEncargado", "2023-05-26");
INSERT INTO alcaldia_recursos_municipales_venta_detalle (recurso_municipal_codigo, id_venta, precio_unidad, cantidad, tenant, created_by, creation_date) VALUES ("12250", (select id from alcaldia_recursos_municipales_venta where cliente_nombre='YURANY_MENDEZ'), "0", "1", "EMPRESA_1", "RecursosMunicipalesEncargado", "2023-05-25");
INSERT INTO alcaldia_recursos_municipales_venta_detalle (recurso_municipal_codigo, id_venta, precio_unidad, cantidad, tenant, created_by, creation_date) VALUES ("12260", (select id from alcaldia_recursos_municipales_venta where cliente_nombre='YIRIAM_OCHOA'), "0", "2", "EMPRESA_1", "RecursosMunicipalesEncargado", "2023-05-24");
INSERT INTO alcaldia_recursos_municipales_venta_detalle (recurso_municipal_codigo, id_venta, precio_unidad, cantidad, tenant, created_by, creation_date) VALUES ("13340", (select id from alcaldia_recursos_municipales_venta where cliente_nombre='LEONARDO_DUENAS'), "0", "3", "EMPRESA_1", "RecursosMunicipalesEncargado", "2023-05-25");
INSERT INTO alcaldia_recursos_municipales_venta_detalle (recurso_municipal_codigo, id_venta, precio_unidad, cantidad, tenant, created_by, creation_date) VALUES ("13351", (select id from alcaldia_recursos_municipales_venta where cliente_nombre='JOSE_GARCIA'), "0", "1", "EMPRESA_1", "RecursosMunicipalesEncargado", "2023-05-26");
INSERT INTO alcaldia_recursos_municipales_venta_detalle (recurso_municipal_codigo, id_venta, precio_unidad, cantidad, tenant, created_by, creation_date) VALUES ("13352", (select id from alcaldia_recursos_municipales_venta where cliente_nombre='RICARDO_ZAMBRANO'), "0", "2", "EMPRESA_1", "RecursosMunicipalesEncargado", "2023-05-24");
INSERT INTO alcaldia_recursos_municipales_venta_detalle (recurso_municipal_codigo, id_venta, precio_unidad, cantidad, tenant, created_by, creation_date) VALUES ("15111", (select id from alcaldia_recursos_municipales_venta where cliente_nombre='GUILLERMO_ZUBIETA'), "25", "1", "EMPRESA_1", "RecursosMunicipalesEncargado", "2023-05-25");
INSERT INTO alcaldia_recursos_municipales_venta_detalle (recurso_municipal_codigo, id_venta, precio_unidad, cantidad, tenant, created_by, creation_date) VALUES ("15131", (select id from alcaldia_recursos_municipales_venta where cliente_nombre='MARIO_OROZCO'), "2", "3", "EMPRESA_1", "RecursosMunicipalesEncargado", "2023-05-26");
INSERT INTO alcaldia_recursos_municipales_venta_detalle (recurso_municipal_codigo, id_venta, precio_unidad, cantidad, tenant, created_by, creation_date) VALUES ("15111", (select id from alcaldia_recursos_municipales_venta where cliente_nombre='ESTEBAN_BOTERO'), "25", "1", "EMPRESA_1", "RecursosMunicipalesEncargado", "2023-05-24");
INSERT INTO alcaldia_recursos_municipales_venta_detalle (recurso_municipal_codigo, id_venta, precio_unidad, cantidad, tenant, created_by, creation_date) VALUES ("15131", (select id from alcaldia_recursos_municipales_venta where cliente_nombre='GABRIEL_BUSTOS'), "2", "3", "EMPRESA_1", "RecursosMunicipalesEncargado", "2023-05-25");
INSERT INTO alcaldia_recursos_municipales_venta_detalle (recurso_municipal_codigo, id_venta, precio_unidad, cantidad, tenant, created_by, creation_date) VALUES ("12110", (select id from alcaldia_recursos_municipales_venta where cliente_nombre='ALEJANDRO_FORERO'), "0", "3", "EMPRESA_1", "RecursosMunicipalesEncargado", "2023-05-24");
INSERT INTO alcaldia_recursos_municipales_venta_detalle (recurso_municipal_codigo, id_venta, precio_unidad, cantidad, tenant, created_by, creation_date) VALUES ("12210", (select id from alcaldia_recursos_municipales_venta where cliente_nombre='CAMILO_VILLAMIZAR'), "0", "1", "EMPRESA_1", "RecursosMunicipalesEncargado", "2023-05-25");
INSERT INTO alcaldia_recursos_municipales_venta_detalle (recurso_municipal_codigo, id_venta, precio_unidad, cantidad, tenant, created_by, creation_date) VALUES ("12240", (select id from alcaldia_recursos_municipales_venta where cliente_nombre='ANDRES_VILLA'), "15", "2", "EMPRESA_1", "RecursosMunicipalesEncargado", "2023-05-26");
INSERT INTO alcaldia_recursos_municipales_venta_detalle (recurso_municipal_codigo, id_venta, precio_unidad, cantidad, tenant, created_by, creation_date) VALUES ("12250", (select id from alcaldia_recursos_municipales_venta where cliente_nombre='ALEXANDER_CARVAJAL'), "0", "1", "EMPRESA_1", "RecursosMunicipalesEncargado", "2023-05-24");
INSERT INTO alcaldia_recursos_municipales_venta_detalle (recurso_municipal_codigo, id_venta, precio_unidad, cantidad, tenant, created_by, creation_date) VALUES ("12260", (select id from alcaldia_recursos_municipales_venta where cliente_nombre='ALEJANDRO_ABONDANO'), "0", "2", "EMPRESA_1", "RecursosMunicipalesEncargado", "2023-05-25");
INSERT INTO alcaldia_recursos_municipales_venta_detalle (recurso_municipal_codigo, id_venta, precio_unidad, cantidad, tenant, created_by, creation_date) VALUES ("13340", (select id from alcaldia_recursos_municipales_venta where cliente_nombre='ADRIANA_SANCHEZ'), "0", "3", "EMPRESA_1", "RecursosMunicipalesEncargado", "2023-05-26");


DROP PROCEDURE IF EXISTS recursosMunicipalesAgregarVenta;
DELIMITER $$
CREATE PROCEDURE recursosMunicipalesAgregarVenta()
  BEGIN
    DECLARE totalRows INT DEFAULT 0;
    DECLARE indexRecursosMunicipales INT DEFAULT 0;
    SELECT COUNT(*) FROM alcaldia_recursos_municipales INTO totalRows;
    SET indexRecursosMunicipales=0;
    WHILE indexRecursosMunicipales < totalRows DO
      INSERT INTO alcaldia_recursos_municipales_venta (cliente_nombre, cliente_ci_nit, direccion, nota, venta_status, venta_precio_total, cliente_dinero, cliente_cambio, tenant, created_by, creation_date)
      VALUES (
        "Cliente anonimo",
        "78877554",
        "Colcapirhua",
        "",
        "ACTIVO",
        FLOOR(RAND()*1000+1),
        FLOOR(RAND()*1000+1),
        FLOOR(RAND()*100+1),
        "EMPRESA_1",
        "RecursosMunicipalesEncargado",
        DATE_ADD('2023-05-25', INTERVAL indexRecursosMunicipales DAY));
      SET indexRecursosMunicipales = indexRecursosMunicipales + 1;
    END WHILE;
END; $$
DELIMITER ;
CALL recursosMunicipalesAgregarVenta();
DROP PROCEDURE recursosMunicipalesAgregarVenta;

DROP PROCEDURE IF EXISTS recursosMunicipalesAgregarDetalleVenta;
DELIMITER $$
CREATE PROCEDURE recursosMunicipalesAgregarDetalleVenta()
  BEGIN
    DECLARE totalRowsRecursosMunicipales INT DEFAULT 0;
    DECLARE totalRowsVentas INT DEFAULT 0;
    DECLARE indexProductos INT DEFAULT 0;
    DECLARE indexVentas INT DEFAULT 0;
    SELECT COUNT(*) FROM alcaldia_recursos_municipales INTO totalRowsRecursosMunicipales;
    SELECT COUNT(*) FROM alcaldia_recursos_municipales_venta INTO totalRowsVentas;
    SET indexProductos=0;
    WHILE indexProductos < totalRowsRecursosMunicipales DO
      SET indexVentas=0;
      WHILE indexVentas <  totalRowsVentas DO
        INSERT INTO alcaldia_recursos_municipales_venta_detalle(recurso_municipal_codigo, id_venta, precio_unidad, cantidad, tenant, created_by, creation_date)
        VALUES
            ((SELECT codigo FROM alcaldia_recursos_municipales LIMIT indexProductos, 1),
            (SELECT id FROM alcaldia_recursos_municipales_venta LIMIT indexVentas, 1),
            FLOOR(RAND()*10+1), -- Random de 1 a 10 cantidad.
            FLOOR(RAND()*100+1), -- Random de 1 a 100 precio unidad.
            "EMPRESA_1",
            "RecursosMunicipalesEncargado",
            DATE_ADD('2023-05-25', INTERVAL indexVentas DAY)),
            ((SELECT codigo FROM alcaldia_recursos_municipales LIMIT indexProductos, 1),
            (SELECT id FROM alcaldia_recursos_municipales_venta LIMIT indexVentas, 1),
            FLOOR(RAND()*10+1), -- Random de 1 a 10 cantidad.
            FLOOR(RAND()*100+1), -- Random de 1 a 100 precio unidad.
            "EMPRESA_1",
            "RecursosMunicipalesEncargado",
            DATE_ADD('2023-05-25', INTERVAL indexProductos DAY)),
            ((SELECT codigo FROM alcaldia_recursos_municipales LIMIT indexProductos, 1),
            (SELECT id FROM alcaldia_recursos_municipales_venta LIMIT indexVentas, 1),
            FLOOR(RAND()*10+1), -- Random de 1 a 10 cantidad.
            FLOOR(RAND()*100+1), -- Random de 1 a 100 precio unidad.
            "EMPRESA_1",
            "RecursosMunicipalesEncargado",
            '2023-05-25');
        SET indexVentas = indexVentas + 1;
      END WHILE;
      SET indexProductos = indexProductos + 1;
    END WHILE;
END; $$
DELIMITER ;
CALL recursosMunicipalesAgregarDetalleVenta();
DROP PROCEDURE recursosMunicipalesAgregarDetalleVenta;
